pfr_link,season,week_no,week_label,pfr_game_id,is_playoff_game,day_of_week,game_start_datetime,stadium,attendance,game_duration_hrs,coin_toss_winner,roof,surface,weather,overtime_played,home_team,home_team_coach,home_team_wins,home_team_losses,home_team_ties,home_team_score_q1,home_team_score_q2,home_team_score_q3,home_team_score_q4,home_team_score_overtime,home_team_score_final,away_team,away_team_coach,away_team_wins,away_team_losses,away_team_ties,away_team_score_q1,away_team_score_q2,away_team_score_q3,away_team_score_q4,away_team_score_overtime,away_team_score_final
/boxscores/202109090tam.htm,2021,1,Week 1,202109090tam,False,Thursday,2021-09-09 20:20:00,Raymond James Stadium,"65,566",3.517,Cowboys (deferred),outdoors,grass,"82 degrees, relative humidity 85%, wind 9 mph",False,Tampa Bay Buccaneers,Bruce Arians,1,0,0,7,14,7,3,0,31,Dallas Cowboys,Mike McCarthy,0,1,0,7,9,10,3,0,29
/boxscores/202109120atl.htm,2021,1,Week 1,202109120atl,False,Sunday,2021-09-12 13:00:00,Mercedes-Benz Stadium,"68,633",3.133,Falcons,retractable roof (open),fieldturf,,False,Atlanta Falcons,Arthur Smith,0,1,0,3,3,0,0,0,6,Philadelphia Eagles,Nick Sirianni,1,0,0,7,8,7,10,0,32
/boxscores/202109120buf.htm,2021,1,Week 1,202109120buf,False,Sunday,2021-09-12 13:00:00,Highmark Stadium,"69,787",3.133,Steelers (deferred),outdoors,a_turf,"73 degrees, relative humidity 79%, wind 17 mph",False,Buffalo Bills,Sean McDermott,0,1,0,3,7,0,6,0,16,Pittsburgh Steelers,Mike Tomlin,1,0,0,0,0,6,17,0,23
/boxscores/202109120car.htm,2021,1,Week 1,202109120car,False,Sunday,2021-09-12 13:00:00,Bank of America Stadium,"70,211",3.233,Panthers (deferred),outdoors,grass,"81 degrees, relative humidity 51%, no wind",False,Carolina Panthers,Matt Rhule,1,0,0,0,16,0,3,0,19,New York Jets,Robert Saleh,0,1,0,0,0,8,6,0,14
/boxscores/202109120cin.htm,2021,1,Week 1,202109120cin,False,Sunday,2021-09-12 13:00:00,Paul Brown Stadium,"56,525",3.633,Bengals (deferred),outdoors,fieldturf,"81 degrees, relative humidity 54%, wind 15 mph",True,Cincinnati Bengals,Zac Taylor,1,0,0,0,14,7,3,3,27,Minnesota Vikings,Mike Zimmer,0,1,0,0,7,7,10,0,24
/boxscores/202109120clt.htm,2021,1,Week 1,202109120clt,False,Sunday,2021-09-12 13:00:00,Lucas Oil Stadium,"63,347",2.967,Seahawks,retractable roof (closed),fieldturf,,False,Indianapolis Colts,Frank Reich,0,1,0,3,7,0,6,0,16,Seattle Seahawks,Pete Carroll,1,0,0,7,14,0,7,0,28
/boxscores/202109120det.htm,2021,1,Week 1,202109120det,False,Sunday,2021-09-12 13:00:00,Ford Field,"59,374",3.317,49ers (deferred),dome,fieldturf,,False,Detroit Lions,Dan Campbell,0,1,0,0,10,7,16,0,33,San Francisco 49ers,Kyle Shanahan,1,0,0,7,24,7,3,0,41
/boxscores/202109120htx.htm,2021,1,Week 1,202109120htx,False,Sunday,2021-09-12 13:00:00,NRG Stadium,"68,105",3.4,Jaguars (deferred),retractable roof (closed),astroturf,,False,Houston Texans,David Culley,1,0,0,14,13,7,3,0,37,Jacksonville Jaguars,Urban Meyer,0,1,0,0,7,7,7,0,21
/boxscores/202109120oti.htm,2021,1,Week 1,202109120oti,False,Sunday,2021-09-12 13:00:00,Nissan Stadium,"67,216",3.2,Cardinals (deferred),outdoors,grass,"82 degrees, relative humidity 55%, wind 8 mph",False,Tennessee Titans,Mike Vrabel,0,1,0,0,6,7,0,0,13,Arizona Cardinals,Kliff Kingsbury,1,0,0,10,14,14,0,0,38
/boxscores/202109120was.htm,2021,1,Week 1,202109120was,False,Sunday,2021-09-12 13:00:00,FedExField,"52,753",2.917,Football Team,outdoors,grass,"81 degrees, relative humidity 49%, wind 4 mph",False,Washington Football Team,Ron Rivera,0,1,0,3,6,7,0,0,16,Los Angeles Chargers,Brandon Staley,1,0,0,7,6,0,7,0,20
/boxscores/202109120kan.htm,2021,1,Week 1,202109120kan,False,Sunday,2021-09-12 16:25:00,GEHA Field at Arrowhead Stadium,"72,973",3.033,Chiefs (deferred),outdoors,grass,"88 degrees, relative humidity 43%, wind 8 mph",False,Kansas City Chiefs,Andy Reid,1,0,0,3,7,10,13,0,33,Cleveland Browns,Kevin Stefanski,0,1,0,8,14,0,7,0,29
/boxscores/202109120nor.htm,2021,1,Week 1,202109120nor,False,Sunday,2021-09-12 16:25:00,TIAA Bank Stadium,"35,242",2.85,Packers,outdoors,grass,"86 degrees, relative humidity 57%, wind 9 mph",False,New Orleans Saints,Sean Payton,1,0,0,3,14,7,14,0,38,Green Bay Packers,Matt LaFleur,0,1,0,0,3,0,0,0,3
/boxscores/202109120nwe.htm,2021,1,Week 1,202109120nwe,False,Sunday,2021-09-12 16:25:00,Gillette Stadium,"65,878",2.9,Dolphins,outdoors,fieldturf,"81 degrees, relative humidity 58%, wind 15 mph",False,New England Patriots,Bill Belichick,0,1,0,0,10,3,3,0,16,Miami Dolphins,Brian Flores,1,0,0,7,3,7,0,0,17
/boxscores/202109120nyg.htm,2021,1,Week 1,202109120nyg,False,Sunday,2021-09-12 16:25:00,MetLife Stadium,"74,119",2.883,Broncos (deferred),outdoors,fieldturf,"82 degrees, relative humidity 56%, wind 19 mph",False,New York Giants,Joe Judge,0,1,0,0,7,0,6,0,13,Denver Broncos,Vic Fangio,1,0,0,0,10,7,10,0,27
/boxscores/202109120ram.htm,2021,1,Week 1,202109120ram,False,Sunday,2021-09-12 20:20:00,SoFi Stadium,"70,445",2.8,Rams (deferred),dome,matrixturf,,False,Los Angeles Rams,Sean McVay,1,0,0,10,3,14,7,0,34,Chicago Bears,Matt Nagy,0,1,0,0,7,7,0,0,14
/boxscores/202109130rai.htm,2021,1,Week 1,202109130rai,False,Monday,2021-09-13 20:15:00,Allegiant Stadium,"61,756",3.667,Ravens (deferred),dome,grass,,True,Las Vegas Raiders,Jon Gruden,1,0,0,0,10,0,17,6,33,Baltimore Ravens,John Harbaugh,0,1,0,7,7,3,10,0,27
/boxscores/202109160was.htm,2021,2,Week 2,202109160was,False,Thursday,2021-09-16 20:20:00,FedExField,"50,118",3.317,Giants (deferred),outdoors,grass,"71 degrees, relative humidity 94%, no wind",False,Washington Football Team,Ron Rivera,1,1,0,0,14,3,13,0,30,New York Giants,Joe Judge,0,2,0,7,3,10,9,0,29
/boxscores/202109190car.htm,2021,2,Week 2,202109190car,False,Sunday,2021-09-19 13:00:00,Bank of America Stadium,"70,675",3.133,Saints (deferred),outdoors,grass,"83 degrees, relative humidity 65%, wind 4 mph",False,Carolina Panthers,Matt Rhule,2,0,0,7,10,0,9,0,26,New Orleans Saints,Sean Payton,1,1,0,0,0,0,7,0,7
/boxscores/202109190chi.htm,2021,2,Week 2,202109190chi,False,Sunday,2021-09-19 13:00:00,Soldier Field,"60,840",2.917,Bengals (deferred),outdoors,grass,"80 degrees, relative humidity 52%, no wind",False,Chicago Bears,Matt Nagy,1,1,0,7,0,0,13,0,20,Cincinnati Bengals,Zac Taylor,1,1,0,0,0,3,14,0,17
/boxscores/202109190cle.htm,2021,2,Week 2,202109190cle,False,Sunday,2021-09-19 13:00:00,FirstEnergy Stadium,"67,431",3.017,Texans (deferred),outdoors,grass,"75 degrees, relative humidity 66%, wind 12 mph",False,Cleveland Browns,Kevin Stefanski,1,1,0,7,7,10,7,0,31,Houston Texans,David Culley,1,1,0,7,7,0,7,0,21
/boxscores/202109190clt.htm,2021,2,Week 2,202109190clt,False,Sunday,2021-09-19 13:00:00,Lucas Oil Stadium,"63,076",2.967,Rams (deferred),retractable roof (closed),fieldturf,,False,Indianapolis Colts,Frank Reich,0,2,0,0,6,8,10,0,24,Los Angeles Rams,Sean McVay,2,0,0,7,3,7,10,0,27
/boxscores/202109190jax.htm,2021,2,Week 2,202109190jax,False,Sunday,2021-09-19 13:00:00,TIAA Bank Stadium,"58,461",3.1,Broncos (deferred),outdoors,grass,"80 degrees, relative humidity 87%, wind 7 mph",False,Jacksonville Jaguars,Urban Meyer,0,2,0,7,0,0,6,0,13,Denver Broncos,Vic Fangio,2,0,0,3,7,10,3,0,23
/boxscores/202109190mia.htm,2021,2,Week 2,202109190mia,False,Sunday,2021-09-19 13:00:00,Hard Rock Stadium,"65,040",3.3,Bills (deferred),outdoors,grass,"89 degrees, relative humidity 59%, wind 7 mph",False,Miami Dolphins,Brian Flores,1,1,0,0,0,0,0,0,0,Buffalo Bills,Sean McDermott,1,1,0,14,0,7,14,0,35
/boxscores/202109190nyj.htm,2021,2,Week 2,202109190nyj,False,Sunday,2021-09-19 13:00:00,MetLife Stadium,"75,626",2.967,Jets (deferred),outdoors,fieldturf,"72 degrees, relative humidity 49%, wind 13 mph",False,New York Jets,Robert Saleh,0,2,0,0,3,0,3,0,6,New England Patriots,Bill Belichick,1,1,0,10,3,9,3,0,25
/boxscores/202109190phi.htm,2021,2,Week 2,202109190phi,False,Sunday,2021-09-19 13:00:00,Lincoln Financial Field,"69,796",3.017,Eagles (deferred),outdoors,grass,"76 degrees, relative humidity 42%, wind 13 mph",False,Philadelphia Eagles,Nick Sirianni,1,1,0,3,0,0,8,0,11,San Francisco 49ers,Kyle Shanahan,2,0,0,0,7,0,10,0,17
/boxscores/202109190pit.htm,2021,2,Week 2,202109190pit,False,Sunday,2021-09-19 13:00:00,Heinz Field,"63,707",3.133,Raiders (deferred),outdoors,grass,"77 degrees, relative humidity 60%, wind 4 mph",False,Pittsburgh Steelers,Mike Tomlin,1,1,0,0,7,0,10,0,17,Las Vegas Raiders,Jon Gruden,2,0,0,3,6,7,10,0,26
/boxscores/202109190crd.htm,2021,2,Week 2,202109190crd,False,Sunday,2021-09-19 16:05:00,State Farm Stadium,"60,115",3.217,Cardinals (deferred),retractable roof (closed),grass,,False,Arizona Cardinals,Kliff Kingsbury,2,0,0,7,17,7,3,0,34,Minnesota Vikings,Mike Zimmer,0,2,0,14,9,7,3,0,33
/boxscores/202109190tam.htm,2021,2,Week 2,202109190tam,False,Sunday,2021-09-19 16:05:00,Raymond James Stadium,"63,694",3.167,Buccaneers,outdoors,grass,"85 degrees, relative humidity 72%, no wind",False,Tampa Bay Buccaneers,Bruce Arians,2,0,0,7,14,7,20,0,48,Atlanta Falcons,Arthur Smith,0,2,0,0,10,15,0,0,25
/boxscores/202109190sdg.htm,2021,2,Week 2,202109190sdg,False,Sunday,2021-09-19 16:25:00,SoFi Stadium,"70,240",2.883,Chargers (deferred),dome,matrixturf,,False,Los Angeles Chargers,Brandon Staley,1,1,0,3,8,3,3,0,17,Dallas Cowboys,Mike McCarthy,1,1,0,14,0,0,6,0,20
/boxscores/202109190sea.htm,2021,2,Week 2,202109190sea,False,Sunday,2021-09-19 16:25:00,Lumen Field,"68,585",3.45,Titans (deferred),outdoors,fieldturf,"62 degrees, relative humidity 70%, wind 14 mph",True,Seattle Seahawks,Pete Carroll,1,1,0,3,21,0,6,0,30,Tennessee Titans,Mike Vrabel,1,1,0,3,6,7,14,3,33
/boxscores/202109190rav.htm,2021,2,Week 2,202109190rav,False,Sunday,2021-09-19 20:20:00,M&T Bank Stadium,"70,417",3.033,Chiefs (deferred),outdoors,grass,"82 degrees, relative humidity 38%, wind 8 mph",False,Baltimore Ravens,John Harbaugh,1,1,0,7,10,7,12,0,36,Kansas City Chiefs,Andy Reid,1,1,0,14,7,14,0,0,35
/boxscores/202109200gnb.htm,2021,2,Week 2,202109200gnb,False,Monday,2021-09-20 20:15:00,Lambeau Field,"77,240",2.917,Lions,outdoors,grass,"73 degrees, relative humidity 84%, wind 12 mph",False,Green Bay Packers,Matt LaFleur,1,1,0,7,7,14,7,0,35,Detroit Lions,Dan Campbell,0,2,0,7,10,0,0,0,17
/boxscores/202109230htx.htm,2021,3,Week 3,202109230htx,False,Thursday,2021-09-23 20:20:00,NRG Stadium,"68,320",2.867,Texans (deferred),retractable roof (closed),astroturf,,False,Houston Texans,David Culley,1,2,0,0,6,0,3,0,9,Carolina Panthers,Matt Rhule,3,0,0,7,0,7,10,0,24
/boxscores/202109260buf.htm,2021,3,Week 3,202109260buf,False,Sunday,2021-09-26 13:00:00,Highmark Stadium,"68,434",3.1,Football Team,outdoors,a_turf,"67 degrees, relative humidity 40%, wind 21 mph",False,Buffalo Bills,Sean McDermott,2,1,0,7,20,9,7,0,43,Washington Football Team,Ron Rivera,1,2,0,0,14,0,7,0,21
/boxscores/202109260cle.htm,2021,3,Week 3,202109260cle,False,Sunday,2021-09-26 13:00:00,FirstEnergy Stadium,"67,431",3.017,Bears (deferred),outdoors,grass,"70 degrees, relative humidity 38%, wind 22 mph",False,Cleveland Browns,Kevin Stefanski,2,1,0,0,10,3,13,0,26,Chicago Bears,Matt Nagy,1,2,0,3,0,3,0,0,6
/boxscores/202109260det.htm,2021,3,Week 3,202109260det,False,Sunday,2021-09-26 13:00:00,Ford Field,"50,788",3.117,Ravens (deferred),dome,fieldturf,,False,Detroit Lions,Dan Campbell,0,3,0,0,0,7,10,0,17,Baltimore Ravens,John Harbaugh,2,1,0,0,10,6,3,0,19
/boxscores/202109260jax.htm,2021,3,Week 3,202109260jax,False,Sunday,2021-09-26 13:00:00,TIAA Bank Stadium,"58,012",3.05,Cardinals,outdoors,grass,"81 degrees, relative humidity 49%, wind 4 mph",False,Jacksonville Jaguars,Urban Meyer,0,3,0,0,13,6,0,0,19,Arizona Cardinals,Kliff Kingsbury,3,0,0,7,0,17,7,0,31
/boxscores/202109260kan.htm,2021,3,Week 3,202109260kan,False,Sunday,2021-09-26 13:00:00,GEHA Field at Arrowhead Stadium,"72,980",3.117,Chiefs (deferred),outdoors,grass,"81 degrees, relative humidity 34%, wind 19 mph",False,Kansas City Chiefs,Andy Reid,1,2,0,0,3,14,7,0,24,Los Angeles Chargers,Brandon Staley,2,1,0,0,14,0,16,0,30
/boxscores/202109260nwe.htm,2021,3,Week 3,202109260nwe,False,Sunday,2021-09-26 13:00:00,Gillette Stadium,"65,878",3.033,Patriots (deferred),outdoors,fieldturf,"73 degrees, relative humidity 55%, wind 11 mph",False,New England Patriots,Bill Belichick,1,2,0,0,3,3,7,0,13,New Orleans Saints,Sean Payton,2,1,0,7,7,7,7,0,28
/boxscores/202109260nyg.htm,2021,3,Week 3,202109260nyg,False,Sunday,2021-09-26 13:00:00,MetLife Stadium,"75,307",2.983,Giants (deferred),outdoors,fieldturf,"69 degrees, relative humidity 45%, wind 13 mph",False,New York Giants,Joe Judge,0,3,0,3,3,0,8,0,14,Atlanta Falcons,Arthur Smith,1,2,0,0,7,0,10,0,17
/boxscores/202109260oti.htm,2021,3,Week 3,202109260oti,False,Sunday,2021-09-26 13:00:00,Nissan Stadium,"67,914",3.017,Colts (deferred),outdoors,grass,"72 degrees, relative humidity 66%, wind 4 mph",False,Tennessee Titans,Mike Vrabel,2,1,0,7,7,0,11,0,25,Indianapolis Colts,Frank Reich,0,3,0,0,10,3,3,0,16
/boxscores/202109260pit.htm,2021,3,Week 3,202109260pit,False,Sunday,2021-09-26 13:00:00,Heinz Field,"58,076",3.033,Bengals (deferred),outdoors,grass,"67 degrees, relative humidity 42%, wind 9 mph",False,Pittsburgh Steelers,Mike Tomlin,1,2,0,0,7,0,3,0,10,Cincinnati Bengals,Zac Taylor,2,1,0,7,7,10,0,0,24
/boxscores/202109260den.htm,2021,3,Week 3,202109260den,False,Sunday,2021-09-26 16:05:00,Empower Field at Mile High,"75,882",2.9,Jets (deferred),outdoors,grass,"82 degrees, relative humidity 13%, wind 6 mph",False,Denver Broncos,Vic Fangio,3,0,0,7,10,3,6,0,26,New York Jets,Robert Saleh,0,3,0,0,0,0,0,0,0
/boxscores/202109260rai.htm,2021,3,Week 3,202109260rai,False,Sunday,2021-09-26 16:05:00,Allegiant Stadium,"59,311",3.733,Dolphins (deferred),dome,grass,,True,Las Vegas Raiders,Jon Gruden,3,0,0,2,10,7,6,6,31,Miami Dolphins,Brian Flores,1,2,0,14,0,0,11,3,28
/boxscores/202109260min.htm,2021,3,Week 3,202109260min,False,Sunday,2021-09-26 16:25:00,U.S. Bank Stadium,"66,729",2.95,Vikings (deferred),dome,sportturf,,False,Minnesota Vikings,Mike Zimmer,1,2,0,7,14,3,6,0,30,Seattle Seahawks,Pete Carroll,1,2,0,10,7,0,0,0,17
/boxscores/202109260ram.htm,2021,3,Week 3,202109260ram,False,Sunday,2021-09-26 16:25:00,SoFi Stadium,"73,205",3.1,Rams (deferred),dome,matrixturf,,False,Los Angeles Rams,Sean McVay,3,0,0,0,14,17,3,0,34,Tampa Bay Buccaneers,Bruce Arians,2,1,0,0,7,10,7,0,24
/boxscores/202109260sfo.htm,2021,3,Week 3,202109260sfo,False,Sunday,2021-09-26 20:20:00,Levi's Stadium,"69,853",3.133,49ers (deferred),outdoors,grass,"69 degrees, relative humidity 57%, wind 15 mph",False,San Francisco 49ers,Kyle Shanahan,2,1,0,0,7,7,14,0,28,Green Bay Packers,Matt LaFleur,2,1,0,10,7,0,13,0,30
/boxscores/202109270dal.htm,2021,3,Week 3,202109270dal,False,Monday,2021-09-27 20:15:00,AT&T Stadium,"93,267",3.167,Eagles (deferred),retractable roof (open),matrixturf,,False,Dallas Cowboys,Mike McCarthy,2,1,0,14,6,7,14,0,41,Philadelphia Eagles,Nick Sirianni,1,2,0,7,0,7,7,0,21
/boxscores/202109300cin.htm,2021,4,Week 4,202109300cin,False,Thursday,2021-09-30 20:20:00,Paul Brown Stadium,"63,198",2.983,Bengals,outdoors,fieldturf,"65 degrees, relative humidity 84%, no wind",False,Cincinnati Bengals,Zac Taylor,3,1,0,0,0,14,10,0,24,Jacksonville Jaguars,Urban Meyer,0,4,0,7,7,0,7,0,21
/boxscores/202110030atl.htm,2021,4,Week 4,202110030atl,False,Sunday,2021-10-03 13:00:00,Mercedes-Benz Stadium,"68,333",3.333,Football Team (deferred),retractable roof (open),fieldturf,,False,Atlanta Falcons,Arthur Smith,1,3,0,3,14,6,7,0,30,Washington Football Team,Ron Rivera,2,2,0,0,13,9,12,0,34
/boxscores/202110030buf.htm,2021,4,Week 4,202110030buf,False,Sunday,2021-10-03 13:00:00,Highmark Stadium,"68,087",2.967,Bills (deferred),outdoors,a_turf,"67 degrees, relative humidity 93%, wind 12 mph",False,Buffalo Bills,Sean McDermott,3,1,0,7,9,3,21,0,40,Houston Texans,David Culley,1,3,0,0,0,0,0,0,0
/boxscores/202110030chi.htm,2021,4,Week 4,202110030chi,False,Sunday,2021-10-03 13:00:00,Soldier Field,"61,468",2.95,Bears,outdoors,grass,"72 degrees, relative humidity 79%, wind 4 mph",False,Chicago Bears,Matt Nagy,2,2,0,7,7,10,0,0,24,Detroit Lions,Dan Campbell,0,4,0,0,0,7,7,0,14
/boxscores/202110030dal.htm,2021,4,Week 4,202110030dal,False,Sunday,2021-10-03 13:00:00,AT&T Stadium,"93,262",3.2,Panthers (deferred),retractable roof (closed),matrixturf,,False,Dallas Cowboys,Mike McCarthy,3,1,0,7,6,20,3,0,36,Carolina Panthers,Matt Rhule,3,1,0,7,7,0,14,0,28
/boxscores/202110030mia.htm,2021,4,Week 4,202110030mia,False,Sunday,2021-10-03 13:00:00,Hard Rock Stadium,"64,571",3.0,Colts (deferred),outdoors,grass,"85 degrees, relative humidity 57%, wind 16 mph",False,Miami Dolphins,Brian Flores,1,3,0,3,0,0,14,0,17,Indianapolis Colts,Frank Reich,1,3,0,0,7,10,10,0,27
/boxscores/202110030min.htm,2021,4,Week 4,202110030min,False,Sunday,2021-10-03 13:00:00,U.S. Bank Stadium,"66,703",3.167,Browns (deferred),dome,sportturf,,False,Minnesota Vikings,Mike Zimmer,1,3,0,7,0,0,0,0,7,Cleveland Browns,Kevin Stefanski,3,1,0,0,11,0,3,0,14
/boxscores/202110030nor.htm,2021,4,Week 4,202110030nor,False,Sunday,2021-10-03 13:00:00,Caesars Superdome,"69,170",3.2,Saints (deferred),dome,sportturf,,True,New Orleans Saints,Sean Payton,2,2,0,0,7,7,7,0,21,New York Giants,Joe Judge,1,3,0,0,7,3,11,6,27
/boxscores/202110030nyj.htm,2021,4,Week 4,202110030nyj,False,Sunday,2021-10-03 13:00:00,MetLife Stadium,"70,232",3.8,Titans (deferred),outdoors,fieldturf,"78 degrees, relative humidity 50%, wind 9 mph",True,New York Jets,Robert Saleh,1,3,0,0,7,3,14,3,27,Tennessee Titans,Mike Vrabel,2,2,0,3,6,0,15,0,24
/boxscores/202110030phi.htm,2021,4,Week 4,202110030phi,False,Sunday,2021-10-03 13:00:00,Lincoln Financial Field,"69,796",3.15,Chiefs (deferred),outdoors,grass,"73 degrees, relative humidity 69%, wind 8 mph",False,Philadelphia Eagles,Nick Sirianni,1,3,0,10,3,3,14,0,30,Kansas City Chiefs,Andy Reid,2,2,0,7,14,7,14,0,42
/boxscores/202110030ram.htm,2021,4,Week 4,202110030ram,False,Sunday,2021-10-03 16:05:00,SoFi Stadium,"70,003",3.083,Cardinals (deferred),dome,matrixturf,,False,Los Angeles Rams,Sean McVay,3,1,0,10,3,0,7,0,20,Arizona Cardinals,Kliff Kingsbury,4,0,0,7,17,10,3,0,37
/boxscores/202110030sfo.htm,2021,4,Week 4,202110030sfo,False,Sunday,2021-10-03 16:05:00,Levi's Stadium,"68,912",3.15,49ers (deferred),outdoors,grass,"80 degrees, relative humidity 33%, no wind",False,San Francisco 49ers,Kyle Shanahan,2,2,0,7,0,6,8,0,21,Seattle Seahawks,Pete Carroll,2,2,0,0,7,14,7,0,28
/boxscores/202110030den.htm,2021,4,Week 4,202110030den,False,Sunday,2021-10-03 16:25:00,Empower Field at Mile High,"76,490",3.017,Ravens (deferred),outdoors,grass,"77 degrees, relative humidity 14%, wind 11 mph",False,Denver Broncos,Vic Fangio,3,1,0,0,7,0,0,0,7,Baltimore Ravens,John Harbaugh,3,1,0,0,17,0,6,0,23
/boxscores/202110030gnb.htm,2021,4,Week 4,202110030gnb,False,Sunday,2021-10-03 16:25:00,Lambeau Field,"78,281",3.05,Packers (deferred),outdoors,grass,"67 degrees, relative humidity 87%, wind 4 mph",False,Green Bay Packers,Matt LaFleur,3,1,0,0,17,10,0,0,27,Pittsburgh Steelers,Mike Tomlin,1,3,0,7,3,0,7,0,17
/boxscores/202110030nwe.htm,2021,4,Week 4,202110030nwe,False,Sunday,2021-10-03 20:20:00,Gillette Stadium,"65,878",3.283,Buccaneers (deferred),outdoors,fieldturf,"62 degrees, relative humidity 84%, wind 4 mph",False,New England Patriots,Bill Belichick,1,3,0,0,7,0,10,0,17,Tampa Bay Buccaneers,Bruce Arians,3,1,0,3,3,7,6,0,19
/boxscores/202110040sdg.htm,2021,4,Week 4,202110040sdg,False,Monday,2021-10-04 20:15:00,SoFi Stadium,"70,240",2.967,Raiders (deferred),dome,matrixturf,,False,Los Angeles Chargers,Brandon Staley,3,1,0,7,14,0,7,0,28,Las Vegas Raiders,Jon Gruden,3,1,0,0,0,14,0,0,14
/boxscores/202110070sea.htm,2021,5,Week 5,202110070sea,False,Thursday,2021-10-07 20:20:00,Lumen Field,"68,747",3.083,Seahawks (deferred),outdoors,fieldturf,"56 degrees, relative humidity 53%, wind 8 mph",False,Seattle Seahawks,Pete Carroll,2,3,0,0,7,0,10,0,17,Los Angeles Rams,Sean McVay,4,1,0,0,3,13,10,0,26
/boxscores/202110100atl.htm,2021,5,Week 5,202110100atl,False,Sunday,2021-10-10 09:30:00,Tottenham Stadium,"60,589",2.933,Jets (deferred),outdoors,grass,"63 degrees, relative humidity 77%, wind 8 mph",False,Atlanta Falcons,Arthur Smith,2,3,0,10,10,0,7,0,27,New York Jets,Robert Saleh,1,4,0,0,3,6,11,0,20
/boxscores/202110100car.htm,2021,5,Week 5,202110100car,False,Sunday,2021-10-10 13:00:00,Bank of America Stadium,"72,545",3.167,Panthers (deferred),outdoors,grass,"76 degrees, relative humidity 60%, wind 13 mph",False,Carolina Panthers,Matt Rhule,3,2,0,10,5,0,3,0,18,Philadelphia Eagles,Nick Sirianni,2,3,0,3,3,7,8,0,21
/boxscores/202110100cin.htm,2021,5,Week 5,202110100cin,False,Sunday,2021-10-10 13:00:00,Paul Brown Stadium,"64,195",3.367,Bengals (deferred),outdoors,fieldturf,"76 degrees, relative humidity 67%, wind 12 mph",True,Cincinnati Bengals,Zac Taylor,3,2,0,7,7,0,8,0,22,Green Bay Packers,Matt LaFleur,4,1,0,0,16,3,3,3,25
/boxscores/202110100htx.htm,2021,5,Week 5,202110100htx,False,Sunday,2021-10-10 13:00:00,NRG Stadium,"68,450",3.017,Patriots (deferred),retractable roof (closed),astroturf,,False,Houston Texans,David Culley,1,4,0,6,9,7,0,0,22,New England Patriots,Bill Belichick,2,3,0,0,9,6,10,0,25
/boxscores/202110100jax.htm,2021,5,Week 5,202110100jax,False,Sunday,2021-10-10 13:00:00,TIAA Bank Stadium,"58,282",3.117,Titans (deferred),outdoors,grass,"78 degrees, relative humidity 71%, wind 11 mph",False,Jacksonville Jaguars,Urban Meyer,0,5,0,6,7,0,6,0,19,Tennessee Titans,Mike Vrabel,3,2,0,7,17,7,6,0,37
/boxscores/202110100min.htm,2021,5,Week 5,202110100min,False,Sunday,2021-10-10 13:00:00,U.S. Bank Stadium,"66,538",2.917,Vikings,dome,sportturf,,False,Minnesota Vikings,Mike Zimmer,2,3,0,3,10,0,6,0,19,Detroit Lions,Dan Campbell,0,5,0,3,3,0,11,0,17
/boxscores/202110100pit.htm,2021,5,Week 5,202110100pit,False,Sunday,2021-10-10 13:00:00,Heinz Field,"59,841",3.067,Broncos (deferred),outdoors,grass,"71 degrees, relative humidity 61%, wind 9 mph",False,Pittsburgh Steelers,Mike Tomlin,2,3,0,7,10,7,3,0,27,Denver Broncos,Vic Fangio,3,2,0,3,3,0,13,0,19
/boxscores/202110100tam.htm,2021,5,Week 5,202110100tam,False,Sunday,2021-10-10 13:00:00,Raymond James Stadium,"65,570",2.967,Buccaneers,outdoors,grass,"84 degrees, relative humidity 59%, wind 7 mph",False,Tampa Bay Buccaneers,Bruce Arians,4,1,0,7,17,0,21,0,45,Miami Dolphins,Brian Flores,1,4,0,10,0,7,0,0,17
/boxscores/202110100was.htm,2021,5,Week 5,202110100was,False,Sunday,2021-10-10 13:00:00,FedExField,"50,137",3.25,Football Team (deferred),outdoors,grass,"70 degrees, relative humidity 78%, wind 12 mph",False,Washington Football Team,Ron Rivera,2,3,0,6,7,3,6,0,22,New Orleans Saints,Sean Payton,3,2,0,7,13,0,13,0,33
/boxscores/202110100rai.htm,2021,5,Week 5,202110100rai,False,Sunday,2021-10-10 16:05:00,Allegiant Stadium,"59,122",3.117,Raiders (deferred),dome,grass,,False,Las Vegas Raiders,Jon Gruden,3,2,0,3,0,0,6,0,9,Chicago Bears,Matt Nagy,3,2,0,0,14,0,6,0,20
/boxscores/202110100sdg.htm,2021,5,Week 5,202110100sdg,False,Sunday,2021-10-10 16:05:00,SoFi Stadium,"70,240",3.35,Browns (deferred),dome,matrixturf,,False,Los Angeles Chargers,Brandon Staley,4,1,0,7,6,8,26,0,47,Cleveland Browns,Kevin Stefanski,3,2,0,3,17,7,15,0,42
/boxscores/202110100crd.htm,2021,5,Week 5,202110100crd,False,Sunday,2021-10-10 16:25:00,State Farm Stadium,"62,716",3.05,Cardinals (deferred),retractable roof (closed),grass,,False,Arizona Cardinals,Kliff Kingsbury,5,0,0,7,3,0,7,0,17,San Francisco 49ers,Kyle Shanahan,2,3,0,0,0,7,3,0,10
/boxscores/202110100dal.htm,2021,5,Week 5,202110100dal,False,Sunday,2021-10-10 16:25:00,AT&T Stadium,"93,476",3.233,Giants (deferred),retractable roof (closed),matrixturf,,False,Dallas Cowboys,Mike McCarthy,4,1,0,3,14,10,17,0,44,New York Giants,Joe Judge,1,4,0,0,10,3,7,0,20
/boxscores/202110100kan.htm,2021,5,Week 5,202110100kan,False,Sunday,2021-10-10 20:20:00,GEHA Field at Arrowhead Stadium,"73,389",4.233,Bills (deferred),outdoors,grass,"76 degrees, relative humidity 52%, no wind",False,Kansas City Chiefs,Andy Reid,2,3,0,3,10,0,7,0,20,Buffalo Bills,Sean McDermott,4,1,0,7,17,7,7,0,38
/boxscores/202110110rav.htm,2021,5,Week 5,202110110rav,False,Monday,2021-10-11 20:15:00,M&T Bank Stadium,"70,510",3.25,Colts (deferred),outdoors,grass,"69 degrees, relative humidity 75%, wind 6 mph",True,Baltimore Ravens,John Harbaugh,4,1,0,0,3,6,16,6,31,Indianapolis Colts,Frank Reich,1,4,0,7,3,12,3,0,25
/boxscores/202110140phi.htm,2021,6,Week 6,202110140phi,False,Thursday,2021-10-14 20:20:00,Lincoln Financial Field,"69,796",3.0,Eagles,outdoors,grass,"74 degrees, relative humidity 56%, wind 8 mph",False,Philadelphia Eagles,Nick Sirianni,2,4,0,7,0,7,8,0,22,Tampa Bay Buccaneers,Bruce Arians,5,1,0,14,7,7,0,0,28
/boxscores/202110170jax.htm,2021,6,Week 6,202110170jax,False,Sunday,2021-10-17 09:30:00,Tottenham Stadium,"60,784",3.2,Jaguars (deferred),outdoors,grass,"63 degrees, relative humidity 72%, wind 11 mph",False,Jacksonville Jaguars,Urban Meyer,1,5,0,3,7,7,6,0,23,Miami Dolphins,Brian Flores,1,5,0,7,6,0,7,0,20
/boxscores/202110170car.htm,2021,6,Week 6,202110170car,False,Sunday,2021-10-17 13:00:00,Bank of America Stadium,"72,104",3.683,Vikings (deferred),outdoors,grass,"62 degrees, relative humidity 39%, wind 7 mph",True,Carolina Panthers,Matt Rhule,3,3,0,7,3,7,11,0,28,Minnesota Vikings,Mike Zimmer,3,3,0,6,6,13,3,6,34
/boxscores/202110170chi.htm,2021,6,Week 6,202110170chi,False,Sunday,2021-10-17 13:00:00,Soldier Field,"62,332",3.017,Bears (deferred),outdoors,grass,"59 degrees, relative humidity 39%, wind 6 mph",False,Chicago Bears,Matt Nagy,3,3,0,7,0,0,7,0,14,Green Bay Packers,Matt LaFleur,5,1,0,0,10,7,7,0,24
/boxscores/202110170clt.htm,2021,6,Week 6,202110170clt,False,Sunday,2021-10-17 13:00:00,Lucas Oil Stadium,"57,947",2.917,Colts (deferred),retractable roof (open),fieldturf,,False,Indianapolis Colts,Frank Reich,2,4,0,7,3,14,7,0,31,Houston Texans,David Culley,1,5,0,0,3,0,0,0,3
/boxscores/202110170det.htm,2021,6,Week 6,202110170det,False,Sunday,2021-10-17 13:00:00,Ford Field,"50,831",2.95,Bengals (deferred),dome,fieldturf,,False,Detroit Lions,Dan Campbell,0,6,0,0,0,0,11,0,11,Cincinnati Bengals,Zac Taylor,4,2,0,7,3,10,14,0,34
/boxscores/202110170nyg.htm,2021,6,Week 6,202110170nyg,False,Sunday,2021-10-17 13:00:00,MetLife Stadium,"73,920",3.033,Rams (deferred),outdoors,fieldturf,"61 degrees, relative humidity 56%, wind 13 mph",False,New York Giants,Joe Judge,1,5,0,3,0,0,8,0,11,Los Angeles Rams,Sean McVay,5,1,0,0,28,3,7,0,38
/boxscores/202110170rav.htm,2021,6,Week 6,202110170rav,False,Sunday,2021-10-17 13:00:00,M&T Bank Stadium,"70,704",2.9,Ravens (deferred),outdoors,grass,"63 degrees, relative humidity 46%, wind 15 mph",False,Baltimore Ravens,John Harbaugh,5,1,0,7,10,10,7,0,34,Los Angeles Chargers,Brandon Staley,4,2,0,0,6,0,0,0,6
/boxscores/202110170was.htm,2021,6,Week 6,202110170was,False,Sunday,2021-10-17 13:00:00,FedExField,"51,322",3.083,Chiefs (deferred),outdoors,grass,"62 degrees, relative humidity 39%, wind 13 mph",False,Washington Football Team,Ron Rivera,2,4,0,3,10,0,0,0,13,Kansas City Chiefs,Andy Reid,3,3,0,7,3,7,14,0,31
/boxscores/202110170cle.htm,2021,6,Week 6,202110170cle,False,Sunday,2021-10-17 16:05:00,FirstEnergy Stadium,"67,431",2.95,Cardinals (deferred),outdoors,grass,"58 degrees, relative humidity 55%, wind 23 mph",False,Cleveland Browns,Kevin Stefanski,3,3,0,0,14,0,0,0,14,Arizona Cardinals,Kliff Kingsbury,6,0,0,7,16,7,7,0,37
/boxscores/202110170den.htm,2021,6,Week 6,202110170den,False,Sunday,2021-10-17 16:25:00,Empower Field at Mile High,"76,854",3.167,Broncos (deferred),outdoors,grass,"76 degrees, relative humidity 10%, wind 8 mph",False,Denver Broncos,Vic Fangio,3,3,0,7,0,3,14,0,24,Las Vegas Raiders,Rich Bisaccia,4,2,0,10,7,14,3,0,34
/boxscores/202110170nwe.htm,2021,6,Week 6,202110170nwe,False,Sunday,2021-10-17 16:25:00,Gillette Stadium,"65,878",3.417,Patriots (deferred),outdoors,fieldturf,"62 degrees, relative humidity 46%, wind 11 mph",True,New England Patriots,Bill Belichick,2,4,0,14,0,0,15,0,29,Dallas Cowboys,Mike McCarthy,5,1,0,7,3,7,12,6,35
/boxscores/202110170pit.htm,2021,6,Week 6,202110170pit,False,Sunday,2021-10-17 20:20:00,Heinz Field,"60,821",3.667,Steelers,outdoors,grass,"49 degrees, relative humidity 77%, wind 6 mph",True,Pittsburgh Steelers,Mike Tomlin,3,3,0,0,14,3,3,3,23,Seattle Seahawks,Pete Carroll,2,4,0,0,0,14,6,0,20
/boxscores/202110180oti.htm,2021,6,Week 6,202110180oti,False,Monday,2021-10-18 20:15:00,Nissan Stadium,"69,419",3.133,Bills (deferred),outdoors,grass,"66 degrees, relative humidity 40%, wind 6 mph",False,Tennessee Titans,Mike Vrabel,4,2,0,0,17,7,10,0,34,Buffalo Bills,Sean McDermott,4,2,0,3,17,11,0,0,31
/boxscores/202110210cle.htm,2021,7,Week 7,202110210cle,False,Thursday,2021-10-21 20:20:00,FirstEnergy Stadium,"67,431",2.9,Browns,outdoors,grass,"59 degrees, relative humidity 69%, wind 27 mph",False,Cleveland Browns,Kevin Stefanski,4,3,0,10,0,7,0,0,17,Denver Broncos,Vic Fangio,3,4,0,0,0,7,7,0,14
/boxscores/202110240gnb.htm,2021,7,Week 7,202110240gnb,False,Sunday,2021-10-24 13:00:00,Lambeau Field,"78,219",3.117,Football Team (deferred),outdoors,grass,"49 degrees, relative humidity 56%, wind 11 mph",False,Green Bay Packers,Matt LaFleur,6,1,0,7,7,7,3,0,24,Washington Football Team,Ron Rivera,2,5,0,7,0,0,3,0,10
/boxscores/202110240mia.htm,2021,7,Week 7,202110240mia,False,Sunday,2021-10-24 13:00:00,Hard Rock Stadium,"62,739",3.15,Falcons (deferred),outdoors,grass,"85 degrees, relative humidity 70%, wind 9 mph",False,Miami Dolphins,Brian Flores,1,6,0,7,0,7,14,0,28,Atlanta Falcons,Arthur Smith,3,3,0,0,13,7,10,0,30
/boxscores/202110240nwe.htm,2021,7,Week 7,202110240nwe,False,Sunday,2021-10-24 13:00:00,Gillette Stadium,"65,878",3.167,Jets (deferred),outdoors,fieldturf,"52 degrees, relative humidity 44%, no wind",False,New England Patriots,Bill Belichick,3,4,0,14,17,3,20,0,54,New York Jets,Robert Saleh,1,5,0,0,7,6,0,0,13
/boxscores/202110240nyg.htm,2021,7,Week 7,202110240nyg,False,Sunday,2021-10-24 13:00:00,MetLife Stadium,"71,889",3.017,Giants (deferred),outdoors,fieldturf,"57 degrees, relative humidity 51%, no wind",False,New York Giants,Joe Judge,2,5,0,0,5,7,13,0,25,Carolina Panthers,Matt Rhule,3,4,0,3,0,0,0,0,3
/boxscores/202110240oti.htm,2021,7,Week 7,202110240oti,False,Sunday,2021-10-24 13:00:00,Nissan Stadium,"69,484",2.967,Chiefs (deferred),outdoors,grass,"74 degrees, relative humidity 48%, wind 14 mph",False,Tennessee Titans,Mike Vrabel,5,2,0,14,13,0,0,0,27,Kansas City Chiefs,Andy Reid,3,4,0,0,0,3,0,0,3
/boxscores/202110240rav.htm,2021,7,Week 7,202110240rav,False,Sunday,2021-10-24 13:00:00,M&T Bank Stadium,"70,659",3.25,Ravens (deferred),outdoors,grass,"61 degrees, relative humidity 60%, wind 6 mph",False,Baltimore Ravens,John Harbaugh,5,2,0,0,10,7,0,0,17,Cincinnati Bengals,Zac Taylor,5,2,0,3,10,14,14,0,41
/boxscores/202110240rai.htm,2021,7,Week 7,202110240rai,False,Sunday,2021-10-24 16:05:00,Allegiant Stadium,"62,000",3.017,Raiders (deferred),dome,grass,,False,Las Vegas Raiders,Rich Bisaccia,5,2,0,0,17,13,3,0,33,Philadelphia Eagles,Nick Sirianni,2,5,0,7,0,0,15,0,22
/boxscores/202110240ram.htm,2021,7,Week 7,202110240ram,False,Sunday,2021-10-24 16:05:00,SoFi Stadium,"70,540",3.133,Rams (deferred),dome,matrixturf,,False,Los Angeles Rams,Sean McVay,6,1,0,3,14,0,11,0,28,Detroit Lions,Dan Campbell,0,7,0,10,6,3,0,0,19
/boxscores/202110240crd.htm,2021,7,Week 7,202110240crd,False,Sunday,2021-10-24 16:25:00,State Farm Stadium,"60,297",2.983,Texans (deferred),retractable roof (closed),grass,,False,Arizona Cardinals,Kliff Kingsbury,7,0,0,0,17,7,7,0,31,Houston Texans,David Culley,1,6,0,2,3,0,0,0,5
/boxscores/202110240tam.htm,2021,7,Week 7,202110240tam,False,Sunday,2021-10-24 16:25:00,Raymond James Stadium,"65,635",2.933,Bears,outdoors,grass,"83 degrees, relative humidity 65%, wind 7 mph",False,Tampa Bay Buccaneers,Bruce Arians,6,1,0,21,14,0,3,0,38,Chicago Bears,Matt Nagy,3,4,0,0,3,0,0,0,3
/boxscores/202110240sfo.htm,2021,7,Week 7,202110240sfo,False,Sunday,2021-10-24 20:20:00,Levi's Stadium,"56,576",3.033,Colts (deferred),outdoors,grass,"64 degrees, relative humidity 84%, wind 16 mph",False,San Francisco 49ers,Kyle Shanahan,2,4,0,12,0,0,6,0,18,Indianapolis Colts,Frank Reich,3,4,0,7,6,7,10,0,30
/boxscores/202110250sea.htm,2021,7,Week 7,202110250sea,False,Monday,2021-10-25 20:15:00,Lumen Field,"68,563",3.05,Saints (deferred),outdoors,fieldturf,"54 degrees, relative humidity 77%, wind 16 mph",False,Seattle Seahawks,Pete Carroll,2,5,0,7,0,3,0,0,10,New Orleans Saints,Sean Payton,4,2,0,0,10,0,3,0,13
/boxscores/202110280crd.htm,2021,8,Week 8,202110280crd,False,Thursday,2021-10-28 20:20:00,State Farm Stadium,"63,696",3.2,Cardinals (deferred),retractable roof (open),grass,,False,Arizona Cardinals,Kliff Kingsbury,7,1,0,7,0,7,7,0,21,Green Bay Packers,Matt LaFleur,7,1,0,0,10,7,7,0,24
/boxscores/202110310atl.htm,2021,8,Week 8,202110310atl,False,Sunday,2021-10-31 13:00:00,Mercedes-Benz Stadium,"68,583",2.9,Falcons (deferred),retractable roof (open),fieldturf,,False,Atlanta Falcons,Arthur Smith,3,4,0,3,7,0,3,0,13,Carolina Panthers,Matt Rhule,4,4,0,3,6,3,7,0,19
/boxscores/202110310buf.htm,2021,8,Week 8,202110310buf,False,Sunday,2021-10-31 13:00:00,Highmark Stadium,"69,355",3.183,Dolphins (deferred),outdoors,a_turf,"54 degrees, relative humidity 82%, wind 9 mph",False,Buffalo Bills,Sean McDermott,5,2,0,3,0,7,16,0,26,Miami Dolphins,Brian Flores,1,7,0,0,3,0,8,0,11
/boxscores/202110310chi.htm,2021,8,Week 8,202110310chi,False,Sunday,2021-10-31 13:00:00,Soldier Field,"60,877",3.033,Bears (deferred),outdoors,grass,"53 degrees, relative humidity 63%, wind 12 mph",False,Chicago Bears,Matt Nagy,3,5,0,3,10,3,6,0,22,San Francisco 49ers,Kyle Shanahan,3,4,0,3,6,6,18,0,33
/boxscores/202110310cle.htm,2021,8,Week 8,202110310cle,False,Sunday,2021-10-31 13:00:00,FirstEnergy Stadium,"67,431",3.017,Steelers (deferred),outdoors,grass,"57 degrees, relative humidity 67%, wind 13 mph",False,Cleveland Browns,Kevin Stefanski,4,4,0,3,0,7,0,0,10,Pittsburgh Steelers,Mike Tomlin,4,3,0,0,3,6,6,0,15
/boxscores/202110310clt.htm,2021,8,Week 8,202110310clt,False,Sunday,2021-10-31 13:00:00,Lucas Oil Stadium,"59,175",3.55,Titans (deferred),retractable roof (open),fieldturf,,True,Indianapolis Colts,Frank Reich,3,5,0,14,3,7,7,0,31,Tennessee Titans,Mike Vrabel,6,2,0,0,14,7,10,3,34
/boxscores/202110310det.htm,2021,8,Week 8,202110310det,False,Sunday,2021-10-31 13:00:00,Ford Field,"47,192",2.8,Lions,dome,fieldturf,,False,Detroit Lions,Dan Campbell,0,8,0,0,0,0,6,0,6,Philadelphia Eagles,Nick Sirianni,3,5,0,7,10,21,6,0,44
/boxscores/202110310htx.htm,2021,8,Week 8,202110310htx,False,Sunday,2021-10-31 13:00:00,NRG Stadium,"66,013",2.917,Texans (deferred),retractable roof (closed),astroturf,,False,Houston Texans,David Culley,1,7,0,0,0,0,22,0,22,Los Angeles Rams,Sean McVay,7,1,0,7,17,14,0,0,38
/boxscores/202110310nyj.htm,2021,8,Week 8,202110310nyj,False,Sunday,2021-10-31 13:00:00,MetLife Stadium,"67,503",3.3,Jets,outdoors,fieldturf,"63 degrees, relative humidity 67%, wind 11 mph",False,New York Jets,Robert Saleh,2,5,0,7,7,3,17,0,34,Cincinnati Bengals,Zac Taylor,5,3,0,0,17,7,7,0,31
/boxscores/202110310sdg.htm,2021,8,Week 8,202110310sdg,False,Sunday,2021-10-31 16:05:00,SoFi Stadium,"70,240",3.117,Patriots (deferred),dome,matrixturf,,False,Los Angeles Chargers,Brandon Staley,4,3,0,7,7,3,7,0,24,New England Patriots,Bill Belichick,4,4,0,7,6,3,11,0,27
/boxscores/202110310sea.htm,2021,8,Week 8,202110310sea,False,Sunday,2021-10-31 16:05:00,Lumen Field,"67,243",2.917,Seahawks (deferred),outdoors,fieldturf,"54 degrees, relative humidity 45%, wind 8 mph",False,Seattle Seahawks,Pete Carroll,3,5,0,7,10,7,7,0,31,Jacksonville Jaguars,Urban Meyer,1,6,0,0,0,0,7,0,7
/boxscores/202110310den.htm,2021,8,Week 8,202110310den,False,Sunday,2021-10-31 16:25:00,Empower Field at Mile High,"75,973",2.933,Broncos (deferred),outdoors,grass,"41 degrees, relative humidity 70%, wind 4 mph",False,Denver Broncos,Vic Fangio,4,4,0,0,10,0,7,0,17,Washington Football Team,Ron Rivera,2,6,0,0,3,7,0,0,10
/boxscores/202110310nor.htm,2021,8,Week 8,202110310nor,False,Sunday,2021-10-31 16:25:00,Caesars Superdome,"69,170",3.15,Saints (deferred),dome,sportturf,,False,New Orleans Saints,Sean Payton,5,2,0,7,9,7,13,0,36,Tampa Bay Buccaneers,Bruce Arians,6,2,0,7,0,14,6,0,27
/boxscores/202110310min.htm,2021,8,Week 8,202110310min,False,Sunday,2021-10-31 20:20:00,U.S. Bank Stadium,"66,633",3.183,Cowboys (deferred),dome,sportturf,,False,Minnesota Vikings,Mike Zimmer,3,4,0,7,3,3,3,0,16,Dallas Cowboys,Mike McCarthy,6,1,0,0,3,10,7,0,20
/boxscores/202111010kan.htm,2021,8,Week 8,202111010kan,False,Monday,2021-11-01 20:15:00,GEHA Field at Arrowhead Stadium,"72,898",3.083,Giants (deferred),outdoors,grass,"39 degrees, relative humidity 89%, wind 4 mph",False,Kansas City Chiefs,Andy Reid,4,4,0,7,7,0,6,0,20,New York Giants,Joe Judge,2,6,0,0,10,0,7,0,17
/boxscores/202111040clt.htm,2021,9,Week 9,202111040clt,False,Thursday,2021-11-04 20:20:00,Lucas Oil Stadium,"59,593",3.2,Jets,retractable roof (closed),fieldturf,,False,Indianapolis Colts,Frank Reich,4,5,0,7,21,14,3,0,45,New York Jets,Robert Saleh,2,6,0,7,3,6,14,0,30
/boxscores/202111070car.htm,2021,9,Week 9,202111070car,False,Sunday,2021-11-07 13:00:00,Bank of America Stadium,"72,203",2.9,Panthers (deferred),outdoors,grass,"61 degrees, relative humidity 35%, wind 16 mph",False,Carolina Panthers,Matt Rhule,4,5,0,0,6,0,0,0,6,New England Patriots,Bill Belichick,5,4,0,0,14,10,0,0,24
/boxscores/202111070cin.htm,2021,9,Week 9,202111070cin,False,Sunday,2021-11-07 13:00:00,Paul Brown Stadium,"65,451",3.117,Browns (deferred),outdoors,fieldturf,"56 degrees, relative humidity 47%, no wind",False,Cincinnati Bengals,Zac Taylor,5,4,0,7,3,0,6,0,16,Cleveland Browns,Kevin Stefanski,5,4,0,7,17,10,7,0,41
/boxscores/202111070dal.htm,2021,9,Week 9,202111070dal,False,Sunday,2021-11-07 13:00:00,AT&T Stadium,"93,503",3.033,Broncos (deferred),retractable roof (closed),matrixturf,,False,Dallas Cowboys,Mike McCarthy,6,2,0,0,0,0,16,0,16,Denver Broncos,Vic Fangio,5,4,0,6,10,3,11,0,30
/boxscores/202111070jax.htm,2021,9,Week 9,202111070jax,False,Sunday,2021-11-07 13:00:00,TIAA Bank Stadium,"63,110",3.167,Bills (deferred),outdoors,grass,"59 degrees, relative humidity 75%, wind 16 mph",False,Jacksonville Jaguars,Urban Meyer,2,6,0,3,3,0,3,0,9,Buffalo Bills,Sean McDermott,5,3,0,3,3,0,0,0,6
/boxscores/202111070mia.htm,2021,9,Week 9,202111070mia,False,Sunday,2021-11-07 13:00:00,Hard Rock Stadium,"60,232",3.233,Texans (deferred),outdoors,grass,"72 degrees, relative humidity 57%, wind 19 mph",False,Miami Dolphins,Brian Flores,2,7,0,7,10,0,0,0,17,Houston Texans,David Culley,1,8,0,0,6,0,3,0,9
/boxscores/202111070nor.htm,2021,9,Week 9,202111070nor,False,Sunday,2021-11-07 13:00:00,Caesars Superdome,"69,170",3.05,Saints (deferred),dome,sportturf,,False,New Orleans Saints,Sean Payton,5,3,0,0,0,3,22,0,25,Atlanta Falcons,Arthur Smith,4,4,0,3,7,7,10,0,27
/boxscores/202111070nyg.htm,2021,9,Week 9,202111070nyg,False,Sunday,2021-11-07 13:00:00,MetLife Stadium,"74,512",2.9,Raiders (deferred),outdoors,fieldturf,"54 degrees, relative humidity 38%, wind 4 mph",False,New York Giants,Joe Judge,3,6,0,7,3,7,6,0,23,Las Vegas Raiders,Rich Bisaccia,5,3,0,7,6,3,0,0,16
/boxscores/202111070rav.htm,2021,9,Week 9,202111070rav,False,Sunday,2021-11-07 13:00:00,M&T Bank Stadium,"70,599",3.533,Vikings (deferred),outdoors,grass,"56 degrees, relative humidity 37%, wind 8 mph",True,Baltimore Ravens,John Harbaugh,6,2,0,3,7,7,14,3,34,Minnesota Vikings,Mike Zimmer,3,5,0,7,10,7,7,0,31
/boxscores/202111070phi.htm,2021,9,Week 9,202111070phi,False,Sunday,2021-11-07 16:05:00,Lincoln Financial Field,"69,796",2.783,Chargers (deferred),outdoors,grass,"54 degrees, relative humidity 37%, wind 11 mph",False,Philadelphia Eagles,Nick Sirianni,3,6,0,0,10,7,7,0,24,Los Angeles Chargers,Brandon Staley,5,3,0,7,0,9,11,0,27
/boxscores/202111070kan.htm,2021,9,Week 9,202111070kan,False,Sunday,2021-11-07 16:25:00,GEHA Field at Arrowhead Stadium,"73,476",3.1,Chiefs (deferred),outdoors,grass,"51 degrees, relative humidity 74%, wind 12 mph",False,Kansas City Chiefs,Andy Reid,5,4,0,7,6,0,0,0,13,Green Bay Packers,Matt LaFleur,7,2,0,0,0,0,7,0,7
/boxscores/202111070sfo.htm,2021,9,Week 9,202111070sfo,False,Sunday,2021-11-07 16:25:00,Levi's Stadium,"59,012",3.0,Cardinals (deferred),outdoors,grass,"57 degrees, relative humidity 74%, wind 8 mph",False,San Francisco 49ers,Kyle Shanahan,3,5,0,0,7,7,3,0,17,Arizona Cardinals,Kliff Kingsbury,8,1,0,14,3,14,0,0,31
/boxscores/202111070ram.htm,2021,9,Week 9,202111070ram,False,Sunday,2021-11-07 20:20:00,SoFi Stadium,"71,785",3.133,Titans (deferred),dome,matrixturf,,False,Los Angeles Rams,Sean McVay,7,2,0,3,0,3,10,0,16,Tennessee Titans,Mike Vrabel,7,2,0,0,21,0,7,0,28
/boxscores/202111080pit.htm,2021,9,Week 9,202111080pit,False,Monday,2021-11-08 20:15:00,Heinz Field,"60,788",3.333,Steelers (deferred),outdoors,grass,"55 degrees, relative humidity 51%, wind 7 mph",False,Pittsburgh Steelers,Mike Tomlin,5,3,0,7,7,6,9,0,29,Chicago Bears,Matt Nagy,3,6,0,0,3,3,21,0,27
/boxscores/202111110mia.htm,2021,10,Week 10,202111110mia,False,Thursday,2021-11-11 20:20:00,Hard Rock Stadium,"65,948",3.4,Dolphins (deferred),outdoors,grass,"77 degrees, relative humidity 85%, wind 4 mph",False,Miami Dolphins,Brian Flores,3,7,0,0,6,0,16,0,22,Baltimore Ravens,John Harbaugh,6,3,0,3,0,0,7,0,10
/boxscores/202111140clt.htm,2021,10,Week 10,202111140clt,False,Sunday,2021-11-14 13:00:00,Lucas Oil Stadium,"60,622",3.267,Jaguars (deferred),retractable roof (closed),fieldturf,,False,Indianapolis Colts,Frank Reich,5,5,0,17,3,0,3,0,23,Jacksonville Jaguars,Urban Meyer,2,7,0,6,3,0,8,0,17
/boxscores/202111140dal.htm,2021,10,Week 10,202111140dal,False,Sunday,2021-11-14 13:00:00,AT&T Stadium,"93,436",2.933,Cowboys,retractable roof (closed),matrixturf,,False,Dallas Cowboys,Mike McCarthy,7,2,0,7,29,7,0,0,43,Atlanta Falcons,Arthur Smith,4,5,0,3,0,0,0,0,3
/boxscores/202111140nwe.htm,2021,10,Week 10,202111140nwe,False,Sunday,2021-11-14 13:00:00,Gillette Stadium,"65,878",2.933,Patriots (deferred),outdoors,fieldturf,"48 degrees, relative humidity 54%, wind 6 mph",False,New England Patriots,Bill Belichick,6,4,0,7,17,7,14,0,45,Cleveland Browns,Kevin Stefanski,5,5,0,7,0,0,0,0,7
/boxscores/202111140nyj.htm,2021,10,Week 10,202111140nyj,False,Sunday,2021-11-14 13:00:00,MetLife Stadium,"77,625",3.333,Bills (deferred),outdoors,fieldturf,"47 degrees, relative humidity 56%, wind 4 mph",False,New York Jets,Robert Saleh,2,7,0,0,3,0,14,0,17,Buffalo Bills,Sean McDermott,6,3,0,10,7,21,7,0,45
/boxscores/202111140oti.htm,2021,10,Week 10,202111140oti,False,Sunday,2021-11-14 13:00:00,Nissan Stadium,"69,414",3.033,Saints (deferred),outdoors,grass,"53 degrees, relative humidity 48%, wind 12 mph",False,Tennessee Titans,Mike Vrabel,8,2,0,3,10,7,3,0,23,New Orleans Saints,Sean Payton,5,4,0,0,6,6,9,0,21
/boxscores/202111140pit.htm,2021,10,Week 10,202111140pit,False,Sunday,2021-11-14 13:00:00,Heinz Field,"58,716",3.667,Lions (deferred),outdoors,grass,"37 degrees, relative humidity 72%, wind 12 mph",True,Pittsburgh Steelers,Mike Tomlin,5,3,1,7,3,3,3,0,16,Detroit Lions,Dan Campbell,0,8,1,0,10,6,0,0,16
/boxscores/202111140was.htm,2021,10,Week 10,202111140was,False,Sunday,2021-11-14 13:00:00,FedExField,"52,128",2.983,Buccaneers,outdoors,grass,"47 degrees, relative humidity 40%, wind 8 mph",False,Washington Football Team,Ron Rivera,3,6,0,6,10,7,6,0,29,Tampa Bay Buccaneers,Bruce Arians,6,3,0,0,6,7,6,0,19
/boxscores/202111140crd.htm,2021,10,Week 10,202111140crd,False,Sunday,2021-11-14 16:05:00,State Farm Stadium,"62,400",3.033,Panthers (deferred),retractable roof (closed),grass,,False,Arizona Cardinals,Kliff Kingsbury,8,2,0,0,0,3,7,0,10,Carolina Panthers,Matt Rhule,5,5,0,17,6,8,3,0,34
/boxscores/202111140sdg.htm,2021,10,Week 10,202111140sdg,False,Sunday,2021-11-14 16:05:00,SoFi Stadium,"70,240",3.283,Chargers (deferred),dome,matrixturf,,False,Los Angeles Chargers,Brandon Staley,5,4,0,0,10,7,3,0,20,Minnesota Vikings,Mike Zimmer,4,5,0,0,13,7,7,0,27
/boxscores/202111140den.htm,2021,10,Week 10,202111140den,False,Sunday,2021-11-14 16:25:00,Empower Field at Mile High,"76,766",3.017,Broncos (deferred),outdoors,grass,"57 degrees, relative humidity 27%, wind 19 mph",False,Denver Broncos,Vic Fangio,5,5,0,0,10,3,0,0,13,Philadelphia Eagles,Nick Sirianni,4,6,0,10,10,7,3,0,30
/boxscores/202111140gnb.htm,2021,10,Week 10,202111140gnb,False,Sunday,2021-11-14 16:25:00,Lambeau Field,"78,235",3.05,Seahawks (deferred),outdoors,grass,"35 degrees, relative humidity 78%, wind 11 mph",False,Green Bay Packers,Matt LaFleur,8,2,0,0,3,0,14,0,17,Seattle Seahawks,Pete Carroll,3,6,0,0,0,0,0,0,0
/boxscores/202111140rai.htm,2021,10,Week 10,202111140rai,False,Sunday,2021-11-14 20:20:00,Allegiant Stadium,"62,125",3.0,Raiders (deferred),dome,grass,,False,Las Vegas Raiders,Rich Bisaccia,5,4,0,0,7,7,0,0,14,Kansas City Chiefs,Andy Reid,6,4,0,7,10,10,14,0,41
/boxscores/202111150sfo.htm,2021,10,Week 10,202111150sfo,False,Monday,2021-11-15 20:15:00,Levi's Stadium,"64,256",2.833,49ers (deferred),outdoors,grass,"59 degrees, relative humidity 88%, no wind",False,San Francisco 49ers,Kyle Shanahan,4,5,0,14,7,3,7,0,31,Los Angeles Rams,Sean McVay,7,3,0,0,7,0,3,0,10
/boxscores/202111180atl.htm,2021,11,Week 11,202111180atl,False,Thursday,2021-11-18 20:20:00,Mercedes-Benz Stadium,"68,286",2.833,Falcons (deferred),retractable roof (closed),fieldturf,,False,Atlanta Falcons,Arthur Smith,4,6,0,0,0,0,0,0,0,New England Patriots,Bill Belichick,7,4,0,3,10,0,12,0,25
/boxscores/202111210buf.htm,2021,11,Week 11,202111210buf,False,Sunday,2021-11-21 13:00:00,Highmark Stadium,"69,866",2.967,Bills (deferred),outdoors,a_turf,"49 degrees, relative humidity 48%, wind 12 mph",False,Buffalo Bills,Sean McDermott,6,4,0,0,7,0,8,0,15,Indianapolis Colts,Frank Reich,6,5,0,14,10,14,3,0,41
/boxscores/202111210car.htm,2021,11,Week 11,202111210car,False,Sunday,2021-11-21 13:00:00,Bank of America Stadium,"73,350",3.1,Football Team (deferred),outdoors,grass,"54 degrees, relative humidity 50%, no wind",False,Carolina Panthers,Matt Rhule,5,6,0,7,7,0,7,0,21,Washington Football Team,Ron Rivera,4,6,0,0,14,7,6,0,27
/boxscores/202111210chi.htm,2021,11,Week 11,202111210chi,False,Sunday,2021-11-21 13:00:00,Soldier Field,"60,679",3.183,Bears (deferred),outdoors,grass,"46 degrees, relative humidity 71%, wind 9 mph",False,Chicago Bears,Matt Nagy,3,7,0,0,0,7,6,0,13,Baltimore Ravens,John Harbaugh,7,3,0,0,6,0,10,0,16
/boxscores/202111210cle.htm,2021,11,Week 11,202111210cle,False,Sunday,2021-11-21 13:00:00,FirstEnergy Stadium,"67,431",3.033,Lions (deferred),outdoors,grass,"42 degrees, relative humidity 84%, wind 7 mph",False,Cleveland Browns,Kevin Stefanski,6,5,0,0,13,0,0,0,13,Detroit Lions,Dan Campbell,0,9,1,0,0,7,3,0,10
/boxscores/202111210jax.htm,2021,11,Week 11,202111210jax,False,Sunday,2021-11-21 13:00:00,TIAA Bank Stadium,"60,268",2.75,Jaguars (deferred),outdoors,grass,"68 degrees, relative humidity 84%, wind 17 mph",False,Jacksonville Jaguars,Urban Meyer,2,8,0,0,3,0,7,0,10,San Francisco 49ers,Kyle Shanahan,5,5,0,3,17,7,3,0,30
/boxscores/202111210min.htm,2021,11,Week 11,202111210min,False,Sunday,2021-11-21 13:00:00,U.S. Bank Stadium,"66,959",2.967,Vikings (deferred),dome,sportturf,,False,Minnesota Vikings,Mike Zimmer,5,5,0,9,7,7,11,0,34,Green Bay Packers,Matt LaFleur,8,3,0,3,7,7,14,0,31
/boxscores/202111210nyj.htm,2021,11,Week 11,202111210nyj,False,Sunday,2021-11-21 13:00:00,MetLife Stadium,"72,303",3.083,Jets (deferred),outdoors,fieldturf,"52 degrees, relative humidity 44%, wind 4 mph",False,New York Jets,Robert Saleh,2,8,0,7,0,7,3,0,17,Miami Dolphins,Brian Flores,4,7,0,7,0,7,10,0,24
/boxscores/202111210oti.htm,2021,11,Week 11,202111210oti,False,Sunday,2021-11-21 13:00:00,Nissan Stadium,"67,395",3.1,Texans (deferred),outdoors,grass,"59 degrees, relative humidity 67%, wind 8 mph",False,Tennessee Titans,Mike Vrabel,8,3,0,0,0,6,7,0,13,Houston Texans,David Culley,2,8,0,3,9,7,3,0,22
/boxscores/202111210phi.htm,2021,11,Week 11,202111210phi,False,Sunday,2021-11-21 13:00:00,Lincoln Financial Field,"69,796",3.233,Eagles (deferred),outdoors,grass,"51 degrees, relative humidity 63%, wind 4 mph",False,Philadelphia Eagles,Nick Sirianni,5,6,0,14,13,6,7,0,40,New Orleans Saints,Sean Payton,5,5,0,0,7,0,22,0,29
/boxscores/202111210rai.htm,2021,11,Week 11,202111210rai,False,Sunday,2021-11-21 16:05:00,Allegiant Stadium,"61,712",2.85,Raiders (deferred),dome,grass,,False,Las Vegas Raiders,Rich Bisaccia,5,5,0,3,3,0,7,0,13,Cincinnati Bengals,Zac Taylor,6,4,0,3,7,3,19,0,32
/boxscores/202111210kan.htm,2021,11,Week 11,202111210kan,False,Sunday,2021-11-21 16:25:00,GEHA Field at Arrowhead Stadium,"73,494",3.017,Cowboys,outdoors,grass,"57 degrees, relative humidity 31%, wind 17 mph",False,Kansas City Chiefs,Andy Reid,7,4,0,9,7,3,0,0,19,Dallas Cowboys,Mike McCarthy,7,3,0,3,0,3,3,0,9
/boxscores/202111210sea.htm,2021,11,Week 11,202111210sea,False,Sunday,2021-11-21 16:25:00,Lumen Field,"68,833",3.083,Cardinals (deferred),outdoors,fieldturf,"46 degrees, relative humidity 76%, no wind",False,Seattle Seahawks,Pete Carroll,3,7,0,0,6,0,7,0,13,Arizona Cardinals,Kliff Kingsbury,9,2,0,7,6,3,7,0,23
/boxscores/202111210sdg.htm,2021,11,Week 11,202111210sdg,False,Sunday,2021-11-21 20:20:00,SoFi Stadium,"70,240",3.283,Chargers (deferred),dome,matrixturf,,False,Los Angeles Chargers,Brandon Staley,6,4,0,7,10,10,14,0,41,Pittsburgh Steelers,Mike Tomlin,5,4,1,3,7,0,27,0,37
/boxscores/202111220tam.htm,2021,11,Week 11,202111220tam,False,Monday,2021-11-22 20:15:00,Raymond James Stadium,"65,643",2.883,Giants (deferred),outdoors,grass,"68 degrees, relative humidity 61%, wind 6 mph",False,Tampa Bay Buccaneers,Bruce Arians,7,3,0,7,10,10,3,0,30,New York Giants,Joe Judge,3,7,0,3,7,0,0,0,10
/boxscores/202111250det.htm,2021,12,Week 12,202111250det,False,Thursday,2021-11-25 12:30:00,Ford Field,"56,355",3.083,Lions (deferred),dome,fieldturf,,False,Detroit Lions,Dan Campbell,0,10,1,7,0,7,0,0,14,Chicago Bears,Matt Nagy,4,7,0,0,13,0,3,0,16
/boxscores/202111250dal.htm,2021,12,Week 12,202111250dal,False,Thursday,2021-11-25 16:30:00,AT&T Stadium,"93,483",3.883,Raiders (deferred),retractable roof (closed),matrixturf,,True,Dallas Cowboys,Mike McCarthy,7,4,0,6,7,6,14,0,33,Las Vegas Raiders,Rich Bisaccia,6,5,0,14,3,10,6,3,36
/boxscores/202111250nor.htm,2021,12,Week 12,202111250nor,False,Thursday,2021-11-25 20:20:00,Caesars Superdome,"69,170",2.817,Bills (deferred),dome,sportturf,,False,New Orleans Saints,Sean Payton,5,6,0,0,0,0,6,0,6,Buffalo Bills,Sean McDermott,7,4,0,7,3,14,7,0,31
/boxscores/202111280cin.htm,2021,12,Week 12,202111280cin,False,Sunday,2021-11-28 13:00:00,Paul Brown Stadium,"63,238",3.033,Steelers (deferred),outdoors,fieldturf,"43 degrees, relative humidity 65%, wind 12 mph",False,Cincinnati Bengals,Zac Taylor,7,4,0,10,21,3,7,0,41,Pittsburgh Steelers,Mike Tomlin,5,5,1,3,0,0,7,0,10
/boxscores/202111280clt.htm,2021,12,Week 12,202111280clt,False,Sunday,2021-11-28 13:00:00,Lucas Oil Stadium,"66,140",3.317,Colts (deferred),retractable roof (closed),fieldturf,,False,Indianapolis Colts,Frank Reich,6,6,0,3,21,0,7,0,31,Tampa Bay Buccaneers,Bruce Arians,8,3,0,0,14,14,10,0,38
/boxscores/202111280htx.htm,2021,12,Week 12,202111280htx,False,Sunday,2021-11-28 13:00:00,NRG Stadium,"65,120",2.95,Jets (deferred),retractable roof (closed),astroturf,,False,Houston Texans,David Culley,2,9,0,0,14,0,0,0,14,New York Jets,Robert Saleh,3,8,0,3,8,7,3,0,21
/boxscores/202111280jax.htm,2021,12,Week 12,202111280jax,False,Sunday,2021-11-28 13:00:00,TIAA Bank Stadium,"60,031",2.917,Jaguars (deferred),outdoors,grass,"61 degrees, relative humidity 41%, wind 4 mph",False,Jacksonville Jaguars,Urban Meyer,2,9,0,0,3,8,3,0,14,Atlanta Falcons,Arthur Smith,5,6,0,7,7,7,0,0,21
/boxscores/202111280mia.htm,2021,12,Week 12,202111280mia,False,Sunday,2021-11-28 13:00:00,Hard Rock Stadium,"62,389",2.933,Panthers (deferred),outdoors,grass,"74 degrees, relative humidity 56%, wind 4 mph",False,Miami Dolphins,Brian Flores,5,7,0,7,14,6,6,0,33,Carolina Panthers,Matt Rhule,5,7,0,7,3,0,0,0,10
/boxscores/202111280nwe.htm,2021,12,Week 12,202111280nwe,False,Sunday,2021-11-28 13:00:00,Gillette Stadium,"65,878",2.95,Patriots (deferred),outdoors,fieldturf,"33 degrees, relative humidity 61%, wind 6 mph",False,New England Patriots,Bill Belichick,8,4,0,7,9,10,10,0,36,Tennessee Titans,Mike Vrabel,8,4,0,0,13,0,0,0,13
/boxscores/202111280nyg.htm,2021,12,Week 12,202111280nyg,False,Sunday,2021-11-28 13:00:00,MetLife Stadium,"73,969",2.95,Eagles (deferred),outdoors,fieldturf,"39 degrees, relative humidity 72%, wind 4 mph",False,New York Giants,Joe Judge,4,7,0,3,0,7,3,0,13,Philadelphia Eagles,Nick Sirianni,5,7,0,0,0,0,7,0,7
/boxscores/202111280den.htm,2021,12,Week 12,202111280den,False,Sunday,2021-11-28 16:05:00,Empower Field at Mile High,"75,807",3.083,Chargers (deferred),outdoors,grass,"62 degrees, relative humidity 22%, no wind",False,Denver Broncos,Vic Fangio,6,5,0,7,7,0,14,0,28,Los Angeles Chargers,Brandon Staley,6,5,0,0,7,0,6,0,13
/boxscores/202111280gnb.htm,2021,12,Week 12,202111280gnb,False,Sunday,2021-11-28 16:25:00,Lambeau Field,"77,948",3.317,Packers (deferred),outdoors,grass,"37 degrees, relative humidity 46%, wind 14 mph",False,Green Bay Packers,Matt LaFleur,9,3,0,7,13,16,0,0,36,Los Angeles Rams,Sean McVay,7,4,0,0,17,0,11,0,28
/boxscores/202111280sfo.htm,2021,12,Week 12,202111280sfo,False,Sunday,2021-11-28 16:25:00,Levi's Stadium,"71,493",3.15,49ers (deferred),outdoors,grass,"68 degrees, relative humidity 43%, wind 7 mph",False,San Francisco 49ers,Kyle Shanahan,6,5,0,7,7,20,0,0,34,Minnesota Vikings,Mike Zimmer,5,6,0,7,7,12,0,0,26
/boxscores/202111280rav.htm,2021,12,Week 12,202111280rav,False,Sunday,2021-11-28 20:20:00,M&T Bank Stadium,"70,355",3.233,Ravens (deferred),outdoors,grass,"43 degrees, relative humidity 70%, no wind",False,Baltimore Ravens,John Harbaugh,8,3,0,3,3,7,3,0,16,Cleveland Browns,Kevin Stefanski,6,6,0,0,3,7,0,0,10
/boxscores/202111290was.htm,2021,12,Week 12,202111290was,False,Monday,2021-11-29 20:15:00,FedExField,"52,680",3.15,Seahawks (deferred),outdoors,grass,"41 degrees, relative humidity 51%, wind 9 mph",False,Washington Football Team,Ron Rivera,5,6,0,3,6,8,0,0,17,Seattle Seahawks,Pete Carroll,3,8,0,7,2,0,6,0,15
/boxscores/202112020nor.htm,2021,13,Week 13,202112020nor,False,Thursday,2021-12-02 20:20:00,Caesars Superdome,"69,170",3.2,Cowboys (deferred),dome,sportturf,,False,New Orleans Saints,Sean Payton,5,7,0,0,7,3,7,0,17,Dallas Cowboys,Mike McCarthy,8,4,0,7,6,7,7,0,27
/boxscores/202112050atl.htm,2021,13,Week 13,202112050atl,False,Sunday,2021-12-05 13:00:00,Mercedes-Benz Stadium,"69,366",3.05,Falcons (deferred),retractable roof (closed),fieldturf,,False,Atlanta Falcons,Arthur Smith,5,7,0,7,10,0,0,0,17,Tampa Bay Buccaneers,Bruce Arians,9,3,0,13,7,7,3,0,30
/boxscores/202112050chi.htm,2021,13,Week 13,202112050chi,False,Sunday,2021-12-05 13:00:00,Soldier Field,"60,803",3.067,Cardinals (deferred),outdoors,grass,"34 degrees, relative humidity 80%, wind 8 mph",False,Chicago Bears,Matt Nagy,4,8,0,0,7,7,8,0,22,Arizona Cardinals,Kliff Kingsbury,10,2,0,14,7,3,9,0,33
/boxscores/202112050cin.htm,2021,13,Week 13,202112050cin,False,Sunday,2021-12-05 13:00:00,Paul Brown Stadium,"51,414",3.333,Bengals (deferred),outdoors,fieldturf,"48 degrees, relative humidity 51%, wind 11 mph",False,Cincinnati Bengals,Zac Taylor,7,5,0,0,13,9,0,0,22,Los Angeles Chargers,Brandon Staley,7,5,0,16,8,0,17,0,41
/boxscores/202112050det.htm,2021,13,Week 13,202112050det,False,Sunday,2021-12-05 13:00:00,Ford Field,"45,691",3.167,Lions (deferred),dome,fieldturf,,False,Detroit Lions,Dan Campbell,1,10,1,0,20,3,6,0,29,Minnesota Vikings,Mike Zimmer,5,7,0,6,0,9,12,0,27
/boxscores/202112050htx.htm,2021,13,Week 13,202112050htx,False,Sunday,2021-12-05 13:00:00,NRG Stadium,"65,291",2.917,Colts (deferred),retractable roof (closed),astroturf,,False,Houston Texans,David Culley,2,10,0,0,0,0,0,0,0,Indianapolis Colts,Frank Reich,7,6,0,7,7,7,10,0,31
/boxscores/202112050mia.htm,2021,13,Week 13,202112050mia,False,Sunday,2021-12-05 13:00:00,Hard Rock Stadium,"65,898",3.0,Dolphins (deferred),outdoors,grass,"80 degrees, relative humidity 62%, wind 11 mph",False,Miami Dolphins,Brian Flores,6,7,0,0,10,0,10,0,20,New York Giants,Joe Judge,4,8,0,0,3,3,3,0,9
/boxscores/202112050nyj.htm,2021,13,Week 13,202112050nyj,False,Sunday,2021-12-05 13:00:00,MetLife Stadium,"73,311",3.1,Eagles (deferred),outdoors,fieldturf,"45 degrees, relative humidity 33%, no wind",False,New York Jets,Robert Saleh,3,9,0,12,6,0,0,0,18,Philadelphia Eagles,Nick Sirianni,6,7,0,7,17,3,6,0,33
/boxscores/202112050sea.htm,2021,13,Week 13,202112050sea,False,Sunday,2021-12-05 16:00:00,Lumen Field,"68,758",3.217,49ers (deferred),outdoors,fieldturf,"41 degrees, relative humidity 76%, wind 4 mph",False,Seattle Seahawks,Pete Carroll,4,8,0,7,14,9,0,0,30,San Francisco 49ers,Kyle Shanahan,6,6,0,14,9,0,0,0,23
/boxscores/202112050rai.htm,2021,13,Week 13,202112050rai,False,Sunday,2021-12-05 16:05:00,Allegiant Stadium,"61,607",3.017,Raiders (deferred),dome,grass,,False,Las Vegas Raiders,Rich Bisaccia,6,6,0,0,3,3,9,0,15,Washington Football Team,Ron Rivera,6,6,0,7,0,0,10,0,17
/boxscores/202112050pit.htm,2021,13,Week 13,202112050pit,False,Sunday,2021-12-05 16:25:00,Heinz Field,"59,303",3.167,Steelers (deferred),outdoors,grass,"50 degrees, relative humidity 44%, wind 7 mph",False,Pittsburgh Steelers,Mike Tomlin,6,5,1,0,3,0,17,0,20,Baltimore Ravens,John Harbaugh,8,4,0,0,7,3,9,0,19
/boxscores/202112050ram.htm,2021,13,Week 13,202112050ram,False,Sunday,2021-12-05 16:25:00,SoFi Stadium,"70,801",2.883,Jaguars (deferred),dome,matrixturf,,False,Los Angeles Rams,Sean McVay,8,4,0,10,6,14,7,0,37,Jacksonville Jaguars,Urban Meyer,2,10,0,0,7,0,0,0,7
/boxscores/202112050kan.htm,2021,13,Week 13,202112050kan,False,Sunday,2021-12-05 20:20:00,GEHA Field at Arrowhead Stadium,"73,185",2.9,Broncos,outdoors,grass,"58 degrees, relative humidity 55%, wind 22 mph",False,Kansas City Chiefs,Andy Reid,8,4,0,10,0,3,9,0,22,Denver Broncos,Vic Fangio,6,6,0,0,3,0,6,0,9
/boxscores/202112060buf.htm,2021,13,Week 13,202112060buf,False,Monday,2021-12-06 20:15:00,Highmark Stadium,"69,694",2.917,Bills (deferred),outdoors,a_turf,"36 degrees, relative humidity 59%, wind 19 mph",False,Buffalo Bills,Sean McDermott,7,5,0,7,0,3,0,0,10,New England Patriots,Bill Belichick,9,4,0,8,3,0,3,0,14
/boxscores/202112090min.htm,2021,14,Week 14,202112090min,False,Thursday,2021-12-09 20:20:00,U.S. Bank Stadium,"66,718",3.333,Steelers (deferred),dome,sportturf,,False,Minnesota Vikings,Mike Zimmer,6,7,0,6,17,6,7,0,36,Pittsburgh Steelers,Mike Tomlin,6,6,1,0,0,7,21,0,28
/boxscores/202112120car.htm,2021,14,Week 14,202112120car,False,Sunday,2021-12-12 13:00:00,Bank of America Stadium,"72,243",2.917,Panthers (deferred),outdoors,grass,"48 degrees, relative humidity 37%, wind 9 mph",False,Carolina Panthers,Matt Rhule,5,8,0,7,0,7,7,0,21,Atlanta Falcons,Arthur Smith,6,7,0,7,10,3,9,0,29
/boxscores/202112120cin.htm,2021,14,Week 14,202112120cin,False,Sunday,2021-12-12 13:00:00,Paul Brown Stadium,"50,481",3.4,Bengals (deferred),outdoors,fieldturf,"48 degrees, relative humidity 40%, wind 9 mph",True,Cincinnati Bengals,Zac Taylor,7,6,0,3,3,0,14,3,23,San Francisco 49ers,Kyle Shanahan,7,6,0,3,14,3,0,6,26
/boxscores/202112120cle.htm,2021,14,Week 14,202112120cle,False,Sunday,2021-12-12 13:00:00,FirstEnergy Stadium,"67,431",3.15,Browns,outdoors,grass,"46 degrees, relative humidity 42%, wind 14 mph",False,Cleveland Browns,Kevin Stefanski,7,6,0,10,14,0,0,0,24,Baltimore Ravens,John Harbaugh,8,5,0,0,6,3,13,0,22
/boxscores/202112120htx.htm,2021,14,Week 14,202112120htx,False,Sunday,2021-12-12 13:00:00,NRG Stadium,"67,610",3.267,Seahawks (deferred),retractable roof (open),astroturf,,False,Houston Texans,David Culley,2,11,0,7,6,0,0,0,13,Seattle Seahawks,Pete Carroll,5,8,0,10,6,3,14,0,33
/boxscores/202112120kan.htm,2021,14,Week 14,202112120kan,False,Sunday,2021-12-12 13:00:00,GEHA Field at Arrowhead Stadium,"73,278",2.983,Chiefs (deferred),outdoors,grass,"47 degrees, relative humidity 34%, wind 19 mph",False,Kansas City Chiefs,Andy Reid,9,4,0,14,21,3,10,0,48,Las Vegas Raiders,Rich Bisaccia,6,7,0,0,3,6,0,0,9
/boxscores/202112120nyj.htm,2021,14,Week 14,202112120nyj,False,Sunday,2021-12-12 13:00:00,MetLife Stadium,"69,129",3.017,Saints (deferred),outdoors,fieldturf,"46 degrees, relative humidity 30%, wind 13 mph",False,New York Jets,Robert Saleh,3,10,0,0,6,0,3,0,9,New Orleans Saints,Sean Payton,6,7,0,3,7,3,17,0,30
/boxscores/202112120oti.htm,2021,14,Week 14,202112120oti,False,Sunday,2021-12-12 13:00:00,Nissan Stadium,"67,808",2.933,Jaguars (deferred),outdoors,grass,"45 degrees, relative humidity 58%, no wind",False,Tennessee Titans,Mike Vrabel,9,4,0,7,3,7,3,0,20,Jacksonville Jaguars,Urban Meyer,2,11,0,0,0,0,0,0,0
/boxscores/202112120was.htm,2021,14,Week 14,202112120was,False,Sunday,2021-12-12 13:00:00,FedExField,"61,308",3.483,Football Team (deferred),outdoors,grass,"48 degrees, relative humidity 32%, wind 17 mph",False,Washington Football Team,Ron Rivera,6,7,0,0,0,8,12,0,20,Dallas Cowboys,Mike McCarthy,9,4,0,18,6,3,0,0,27
/boxscores/202112120den.htm,2021,14,Week 14,202112120den,False,Sunday,2021-12-12 16:05:00,Empower Field at Mile High,"76,211",2.9,Lions (deferred),outdoors,grass,"63 degrees, relative humidity 12%, wind 8 mph",False,Denver Broncos,Vic Fangio,7,6,0,14,3,14,7,0,38,Detroit Lions,Dan Campbell,1,11,1,0,10,0,0,0,10
/boxscores/202112120sdg.htm,2021,14,Week 14,202112120sdg,False,Sunday,2021-12-12 16:05:00,SoFi Stadium,"70,240",3.017,Chargers (deferred),dome,matrixturf,,False,Los Angeles Chargers,Brandon Staley,8,5,0,7,17,6,7,0,37,New York Giants,Joe Judge,4,9,0,7,0,0,14,0,21
/boxscores/202112120tam.htm,2021,14,Week 14,202112120tam,False,Sunday,2021-12-12 16:25:00,Raymond James Stadium,,3.483,Bills,outdoors,grass,"82 degrees, relative humidity 66%, wind 4 mph",True,Tampa Bay Buccaneers,Bruce Arians,10,3,0,7,17,0,3,6,33,Buffalo Bills,Sean McDermott,7,6,0,0,3,7,17,0,27
/boxscores/202112120gnb.htm,2021,14,Week 14,202112120gnb,False,Sunday,2021-12-12 20:20:00,Lambeau Field,"78,273",3.267,Packers (deferred),outdoors,grass,"36 degrees, relative humidity 59%, wind 8 mph",False,Green Bay Packers,Matt LaFleur,10,3,0,0,21,17,7,0,45,Chicago Bears,Matt Nagy,4,9,0,3,24,0,3,0,30
/boxscores/202112130crd.htm,2021,14,Week 14,202112130crd,False,Monday,2021-12-13 20:15:00,State Farm Stadium,"63,999",3.017,Rams (deferred),retractable roof (open),grass,,False,Arizona Cardinals,Kliff Kingsbury,10,3,0,3,10,0,10,0,23,Los Angeles Rams,Sean McVay,9,4,0,0,13,14,3,0,30
/boxscores/202112160sdg.htm,2021,15,Week 15,202112160sdg,False,Thursday,2021-12-16 20:20:00,SoFi Stadium,"70,240",3.2,Chiefs (deferred),dome,matrixturf,,True,Los Angeles Chargers,Brandon Staley,8,6,0,0,14,0,14,0,28,Kansas City Chiefs,Andy Reid,10,4,0,7,3,3,15,6,34
/boxscores/202112180clt.htm,2021,15,Week 15,202112180clt,False,Saturday,2021-12-18 20:20:00,Lucas Oil Stadium,"66,391",2.967,Patriots (deferred),retractable roof (closed),fieldturf,,False,Indianapolis Colts,Frank Reich,8,6,0,14,3,3,7,0,27,New England Patriots,Bill Belichick,9,5,0,0,0,0,17,0,17
/boxscores/202112190buf.htm,2021,15,Week 15,202112190buf,False,Sunday,2021-12-19 13:00:00,Highmark Stadium,"65,398",3.183,Bills (deferred),outdoors,a_turf,"30 degrees, relative humidity 69%, wind 8 mph",False,Buffalo Bills,Sean McDermott,8,6,0,0,17,7,7,0,31,Carolina Panthers,Matt Rhule,5,9,0,0,8,0,6,0,14
/boxscores/202112190det.htm,2021,15,Week 15,202112190det,False,Sunday,2021-12-19 13:00:00,Ford Field,"45,211",3.067,Cardinals (deferred),dome,fieldturf,,False,Detroit Lions,Dan Campbell,2,11,1,3,14,7,6,0,30,Arizona Cardinals,Kliff Kingsbury,10,4,0,0,0,6,6,0,12
/boxscores/202112190jax.htm,2021,15,Week 15,202112190jax,False,Sunday,2021-12-19 13:00:00,TIAA Bank Stadium,"60,252",3.05,Jaguars (deferred),outdoors,grass,"80 degrees, relative humidity 71%, wind 12 mph",False,Jacksonville Jaguars,Darrell Bevell,2,12,0,3,7,3,3,0,16,Houston Texans,David Culley,3,11,0,14,6,3,7,0,30
/boxscores/202112190mia.htm,2021,15,Week 15,202112190mia,False,Sunday,2021-12-19 13:00:00,Hard Rock Stadium,"66,035",3.15,Jets (deferred),outdoors,grass,"82 degrees, relative humidity 70%, wind 9 mph",False,Miami Dolphins,Brian Flores,7,7,0,0,10,7,14,0,31,New York Jets,Robert Saleh,3,11,0,10,7,0,7,0,24
/boxscores/202112190nyg.htm,2021,15,Week 15,202112190nyg,False,Sunday,2021-12-19 13:00:00,MetLife Stadium,"77,413",3.067,Cowboys,outdoors,fieldturf,"37 degrees, relative humidity 54%, wind 8 mph",False,New York Giants,Joe Judge,4,10,0,3,0,3,0,0,6,Dallas Cowboys,Mike McCarthy,10,4,0,6,9,6,0,0,21
/boxscores/202112190pit.htm,2021,15,Week 15,202112190pit,False,Sunday,2021-12-19 13:00:00,Heinz Field,"59,521",3.15,Titans (deferred),outdoors,grass,"32 degrees, relative humidity 74%, wind 11 mph",False,Pittsburgh Steelers,Mike Tomlin,7,6,1,0,3,7,9,0,19,Tennessee Titans,Mike Vrabel,9,5,0,10,3,0,0,0,13
/boxscores/202112190rav.htm,2021,15,Week 15,202112190rav,False,Sunday,2021-12-19 13:00:00,M&T Bank Stadium,"70,815",3.1,Packers (deferred),outdoors,grass,"43 degrees, relative humidity 52%, wind 11 mph",False,Baltimore Ravens,John Harbaugh,8,6,0,7,7,3,13,0,30,Green Bay Packers,Matt LaFleur,11,3,0,0,14,7,10,0,31
/boxscores/202112190den.htm,2021,15,Week 15,202112190den,False,Sunday,2021-12-19 16:05:00,Empower Field at Mile High,"76,134",3.183,Broncos (deferred),outdoors,grass,"61 degrees, relative humidity 9%, wind 19 mph",False,Denver Broncos,Vic Fangio,7,7,0,0,3,7,0,0,10,Cincinnati Bengals,Zac Taylor,8,6,0,3,3,9,0,0,15
/boxscores/202112190sfo.htm,2021,15,Week 15,202112190sfo,False,Sunday,2021-12-19 16:05:00,Levi's Stadium,"71,650",2.85,Falcons (deferred),outdoors,grass,"46 degrees, relative humidity 81%, no wind",False,San Francisco 49ers,Kyle Shanahan,8,6,0,3,14,14,0,0,31,Atlanta Falcons,Arthur Smith,6,8,0,3,7,3,0,0,13
/boxscores/202112190tam.htm,2021,15,Week 15,202112190tam,False,Sunday,2021-12-19 20:20:00,Raymond James Stadium,"65,744",2.9,Buccaneers (deferred),outdoors,grass,"75 degrees, relative humidity 99%, no wind",False,Tampa Bay Buccaneers,Bruce Arians,10,4,0,0,0,0,0,0,0,New Orleans Saints,Sean Payton,7,7,0,3,3,0,3,0,9
/boxscores/202112200cle.htm,2021,15,Week 15,202112200cle,False,Monday,2021-12-20 17:00:00,FirstEnergy Stadium,,2.967,Browns,outdoors,grass,"40 degrees, relative humidity 47%, wind 8 mph",False,Cleveland Browns,Kevin Stefanski,7,7,0,0,0,7,7,0,14,Las Vegas Raiders,Rich Bisaccia,7,7,0,7,3,0,6,0,16
/boxscores/202112200chi.htm,2021,15,Week 15,202112200chi,False,Monday,2021-12-20 20:15:00,Soldier Field,"60,082",3.1,Bears (deferred),outdoors,grass,"37 degrees, relative humidity 75%, wind 8 mph",False,Chicago Bears,Matt Nagy,4,10,0,0,3,0,6,0,9,Minnesota Vikings,Mike Zimmer,7,7,0,7,3,7,0,0,17
/boxscores/202112210phi.htm,2021,15,Week 15,202112210phi,False,Tuesday,2021-12-21 19:00:00,Lincoln Financial Field,"69,796",3.017,Eagles (deferred),outdoors,grass,"42 degrees, relative humidity 57%, wind 7 mph",False,Philadelphia Eagles,Nick Sirianni,7,7,0,0,10,10,7,0,27,Washington Football Team,Ron Rivera,6,8,0,10,0,0,7,0,17
/boxscores/202112210ram.htm,2021,15,Week 15,202112210ram,False,Tuesday,2021-12-21 19:00:00,SoFi Stadium,"71,565",2.883,Seahawks (deferred),dome,matrixturf,,False,Los Angeles Rams,Sean McVay,10,4,0,3,0,7,10,0,20,Seattle Seahawks,Pete Carroll,5,9,0,0,3,7,0,0,10
/boxscores/202112230oti.htm,2021,16,Week 16,202112230oti,False,Thursday,2021-12-23 20:20:00,Nissan Stadium,"69,361",3.833,Titans (deferred),outdoors,grass,"48 degrees, relative humidity 46%, wind 7 mph",False,Tennessee Titans,Mike Vrabel,10,5,0,0,0,10,10,0,20,San Francisco 49ers,Kyle Shanahan,8,7,0,7,3,0,7,0,17
/boxscores/202112250gnb.htm,2021,16,Week 16,202112250gnb,False,Saturday,2021-12-25 16:30:00,Lambeau Field,"77,901",2.9,Packers (deferred),outdoors,grass,"35 degrees, relative humidity 49%, wind 11 mph",False,Green Bay Packers,Matt LaFleur,12,3,0,7,14,3,0,0,24,Cleveland Browns,Kevin Stefanski,7,8,0,6,6,3,7,0,22
/boxscores/202112250crd.htm,2021,16,Week 16,202112250crd,False,Saturday,2021-12-25 20:15:00,State Farm Stadium,"63,900",3.067,Cardinals,retractable roof (closed),grass,,False,Arizona Cardinals,Kliff Kingsbury,10,5,0,6,0,7,3,0,16,Indianapolis Colts,Frank Reich,9,6,0,7,5,3,7,0,22
/boxscores/202112260atl.htm,2021,16,Week 16,202112260atl,False,Sunday,2021-12-26 13:00:00,Mercedes-Benz Stadium,"68,638",2.683,Lions (deferred),retractable roof (open),fieldturf,,False,Atlanta Falcons,Arthur Smith,7,8,0,0,10,3,7,0,20,Detroit Lions,Dan Campbell,2,12,1,3,7,3,3,0,16
/boxscores/202112260car.htm,2021,16,Week 16,202112260car,False,Sunday,2021-12-26 13:00:00,Bank of America Stadium,"71,918",3.15,Panthers (deferred),outdoors,grass,"73 degrees, relative humidity 41%, wind 8 mph",False,Carolina Panthers,Matt Rhule,5,10,0,3,3,0,0,0,6,Tampa Bay Buccaneers,Bruce Arians,11,4,0,7,12,10,3,0,32
/boxscores/202112260cin.htm,2021,16,Week 16,202112260cin,False,Sunday,2021-12-26 13:00:00,Paul Brown Stadium,"63,922",3.033,Ravens (deferred),outdoors,fieldturf,"52 degrees, relative humidity 63%, no wind",False,Cincinnati Bengals,Zac Taylor,9,6,0,10,21,3,7,0,41,Baltimore Ravens,John Harbaugh,8,7,0,7,7,0,7,0,21
/boxscores/202112260htx.htm,2021,16,Week 16,202112260htx,False,Sunday,2021-12-26 13:00:00,NRG Stadium,"65,674",2.933,Texans (deferred),retractable roof (closed),astroturf,,False,Houston Texans,David Culley,4,11,0,7,10,0,24,0,41,Los Angeles Chargers,Brandon Staley,8,7,0,6,6,3,14,0,29
/boxscores/202112260min.htm,2021,16,Week 16,202112260min,False,Sunday,2021-12-26 13:00:00,U.S. Bank Stadium,"66,708",3.017,Rams (deferred),dome,sportturf,,False,Minnesota Vikings,Mike Zimmer,7,8,0,0,3,10,10,0,23,Los Angeles Rams,Sean McVay,11,4,0,7,6,7,10,0,30
/boxscores/202112260nwe.htm,2021,16,Week 16,202112260nwe,False,Sunday,2021-12-26 13:00:00,Gillette Stadium,"65,878",3.217,Bills (deferred),outdoors,fieldturf,"38 degrees, relative humidity 79%, wind 13 mph",False,New England Patriots,Bill Belichick,9,6,0,0,7,7,7,0,21,Buffalo Bills,Sean McDermott,9,6,0,7,10,3,13,0,33
/boxscores/202112260nyj.htm,2021,16,Week 16,202112260nyj,False,Sunday,2021-12-26 13:00:00,MetLife Stadium,"67,120",3.133,Jaguars,outdoors,fieldturf,"47 degrees, relative humidity 49%, no wind",False,New York Jets,Robert Saleh,4,11,0,6,7,3,10,0,26,Jacksonville Jaguars,Darrell Bevell,2,13,0,3,9,3,6,0,21
/boxscores/202112260phi.htm,2021,16,Week 16,202112260phi,False,Sunday,2021-12-26 13:00:00,Lincoln Financial Field,"69,796",3.267,Giants (deferred),outdoors,grass,"53 degrees, relative humidity 46%, wind 9 mph",False,Philadelphia Eagles,Nick Sirianni,8,7,0,0,3,17,14,0,34,New York Giants,Joe Judge,4,11,0,0,3,0,7,0,10
/boxscores/202112260sea.htm,2021,16,Week 16,202112260sea,False,Sunday,2021-12-26 16:05:00,Lumen Field,"68,492",3.05,Bears (deferred),outdoors,fieldturf,"25 degrees, relative humidity 85%, wind 11 mph",False,Seattle Seahawks,Pete Carroll,5,10,0,7,10,7,0,0,24,Chicago Bears,Matt Nagy,5,10,0,0,7,7,11,0,25
/boxscores/202112260kan.htm,2021,16,Week 16,202112260kan,False,Sunday,2021-12-26 16:25:00,GEHA Field at Arrowhead Stadium,"73,371",2.967,Chiefs (deferred),outdoors,grass,"60 degrees, relative humidity 64%, wind 22 mph",False,Kansas City Chiefs,Andy Reid,11,4,0,14,9,7,6,0,36,Pittsburgh Steelers,Mike Tomlin,7,7,1,0,0,3,7,0,10
/boxscores/202112260rai.htm,2021,16,Week 16,202112260rai,False,Sunday,2021-12-26 16:25:00,Allegiant Stadium,"60,972",2.533,Raiders (deferred),dome,grass,,False,Las Vegas Raiders,Rich Bisaccia,8,7,0,0,7,7,3,0,17,Denver Broncos,Vic Fangio,7,8,0,0,13,0,0,0,13
/boxscores/202112260dal.htm,2021,16,Week 16,202112260dal,False,Sunday,2021-12-26 20:20:00,AT&T Stadium,"93,482",3.083,Football Team (deferred),retractable roof (closed),matrixturf,,False,Dallas Cowboys,Mike McCarthy,11,4,0,21,21,7,7,0,56,Washington Football Team,Ron Rivera,6,9,0,0,7,0,7,0,14
/boxscores/202112270nor.htm,2021,16,Week 16,202112270nor,False,Monday,2021-12-27 20:15:00,Caesars Superdome,"69,170",2.983,Saints (deferred),dome,sportturf,,False,New Orleans Saints,Sean Payton,7,8,0,0,3,0,0,0,3,Miami Dolphins,Brian Flores,8,7,0,10,0,7,3,0,20
/boxscores/202201020buf.htm,2021,17,Week 17,202201020buf,False,Sunday,2022-01-02 13:00:00,Highmark Stadium,"64,948",3.067,Falcons,outdoors,a_turf,"26 degrees, relative humidity 81%, wind 11 mph",False,Buffalo Bills,Sean McDermott,10,6,0,14,0,8,7,0,29,Atlanta Falcons,Arthur Smith,7,9,0,2,13,0,0,0,15
/boxscores/202201020chi.htm,2021,17,Week 17,202201020chi,False,Sunday,2022-01-02 13:00:00,Soldier Field,"59,594",2.867,Bears (deferred),outdoors,grass,"25 degrees, relative humidity 74%, wind 13 mph",False,Chicago Bears,Matt Nagy,6,10,0,14,8,7,0,0,29,New York Giants,Joe Judge,4,12,0,0,3,0,0,0,3
/boxscores/202201020cin.htm,2021,17,Week 17,202201020cin,False,Sunday,2022-01-02 13:00:00,Paul Brown Stadium,"64,505",3.133,Bengals (deferred),outdoors,fieldturf,"33 degrees, relative humidity 81%, wind 13 mph",False,Cincinnati Bengals,Zac Taylor,10,6,0,7,10,7,10,0,34,Kansas City Chiefs,Andy Reid,11,5,0,14,14,0,3,0,31
/boxscores/202201020clt.htm,2021,17,Week 17,202201020clt,False,Sunday,2022-01-02 13:00:00,Lucas Oil Stadium,"65,985",2.917,Colts (deferred),retractable roof (closed),fieldturf,,False,Indianapolis Colts,Frank Reich,9,7,0,0,10,7,3,0,20,Las Vegas Raiders,Rich Bisaccia,9,7,0,7,6,0,10,0,23
/boxscores/202201020dal.htm,2021,17,Week 17,202201020dal,False,Sunday,2022-01-02 13:00:00,AT&T Stadium,"93,459",3.1,Cardinals (deferred),retractable roof (closed),matrixturf,,False,Dallas Cowboys,Mike McCarthy,11,5,0,0,7,0,15,0,22,Arizona Cardinals,Kliff Kingsbury,11,5,0,3,10,9,3,0,25
/boxscores/202201020nor.htm,2021,17,Week 17,202201020nor,False,Sunday,2022-01-02 13:00:00,Caesars Superdome,"69,170",2.85,Saints (deferred),dome,sportturf,,False,New Orleans Saints,Sean Payton,8,8,0,3,6,3,6,0,18,Carolina Panthers,Matt Rhule,5,11,0,3,7,0,0,0,10
/boxscores/202201020nwe.htm,2021,17,Week 17,202201020nwe,False,Sunday,2022-01-02 13:00:00,Gillette Stadium,"65,878",2.783,Patriots (deferred),outdoors,fieldturf,"46 degrees, relative humidity 100%, wind 4 mph",False,New England Patriots,Bill Belichick,10,6,0,7,21,13,9,0,50,Jacksonville Jaguars,Darrell Bevell,2,14,0,3,0,0,7,0,10
/boxscores/202201020nyj.htm,2021,17,Week 17,202201020nyj,False,Sunday,2022-01-02 13:00:00,MetLife Stadium,"72,243",2.983,Jets,outdoors,fieldturf,"57 degrees, relative humidity 82%, wind 9 mph",False,New York Jets,Robert Saleh,4,12,0,7,10,7,0,0,24,Tampa Bay Buccaneers,Bruce Arians,12,4,0,7,3,7,11,0,28
/boxscores/202201020oti.htm,2021,17,Week 17,202201020oti,False,Sunday,2022-01-02 13:00:00,Nissan Stadium,"69,091",2.983,Titans (deferred),outdoors,grass,"43 degrees, relative humidity 93%, wind 13 mph",False,Tennessee Titans,Mike Vrabel,11,5,0,7,10,0,17,0,34,Miami Dolphins,Brian Flores,8,8,0,0,3,0,0,0,3
/boxscores/202201020was.htm,2021,17,Week 17,202201020was,False,Sunday,2022-01-02 13:00:00,FedExField,"51,563",2.767,Eagles (deferred),outdoors,grass,"62 degrees, relative humidity 91%, wind 4 mph",False,Washington Football Team,Ron Rivera,6,10,0,10,6,0,0,0,16,Philadelphia Eagles,Nick Sirianni,9,7,0,0,7,7,6,0,20
/boxscores/202201020sdg.htm,2021,17,Week 17,202201020sdg,False,Sunday,2022-01-02 16:05:00,SoFi Stadium,"70,240",2.85,Broncos (deferred),dome,matrixturf,,False,Los Angeles Chargers,Brandon Staley,9,7,0,7,10,3,14,0,34,Denver Broncos,Vic Fangio,7,9,0,0,3,0,10,0,13
/boxscores/202201020sfo.htm,2021,17,Week 17,202201020sfo,False,Sunday,2022-01-02 16:05:00,Levi's Stadium,"71,612",2.95,49ers (deferred),outdoors,grass,"50 degrees, relative humidity 58%, wind 6 mph",False,San Francisco 49ers,Kyle Shanahan,9,7,0,0,3,7,13,0,23,Houston Texans,David Culley,4,12,0,0,7,0,0,0,7
/boxscores/202201020rav.htm,2021,17,Week 17,202201020rav,False,Sunday,2022-01-02 16:25:00,M&T Bank Stadium,"70,328",2.883,Rams (deferred),outdoors,grass,"59 degrees, relative humidity 92%, wind 6 mph",False,Baltimore Ravens,John Harbaugh,8,8,0,7,6,3,3,0,19,Los Angeles Rams,Sean McVay,12,4,0,0,7,0,13,0,20
/boxscores/202201020sea.htm,2021,17,Week 17,202201020sea,False,Sunday,2022-01-02 16:25:00,Lumen Field,"68,043",3.217,Lions (deferred),outdoors,fieldturf,"37 degrees, relative humidity 92%, no wind",False,Seattle Seahawks,Pete Carroll,6,10,0,10,21,7,13,0,51,Detroit Lions,Dan Campbell,2,13,1,0,7,15,7,0,29
/boxscores/202201020gnb.htm,2021,17,Week 17,202201020gnb,False,Sunday,2022-01-02 20:20:00,Lambeau Field,"77,832",3.067,Vikings (deferred),outdoors,grass,"11 degrees, relative humidity 60%, wind 9 mph",False,Green Bay Packers,Matt LaFleur,13,3,0,3,17,10,7,0,37,Minnesota Vikings,Mike Zimmer,7,9,0,0,3,7,0,0,10
/boxscores/202201030pit.htm,2021,17,Week 17,202201030pit,False,Monday,2022-01-03 20:15:00,Heinz Field,"63,624",3.35,Browns (deferred),outdoors,grass,"25 degrees, relative humidity 60%, wind 12 mph",False,Pittsburgh Steelers,Mike Tomlin,8,7,1,0,10,3,13,0,26,Cleveland Browns,Kevin Stefanski,7,9,0,0,0,7,7,0,14
/boxscores/202201080den.htm,2021,18,Week 18,202201080den,False,Saturday,2022-01-08 16:30:00,Empower Field at Mile High,"76,012",2.983,Broncos,outdoors,grass,"41 degrees, relative humidity 57%, wind 4 mph",False,Denver Broncos,Vic Fangio,7,10,0,7,7,7,3,0,24,Kansas City Chiefs,Andy Reid,12,5,0,7,3,7,11,0,28
/boxscores/202201080phi.htm,2021,18,Week 18,202201080phi,False,Saturday,2022-01-08 20:15:00,Lincoln Financial Field,"69,796",3.033,Cowboys (deferred),outdoors,grass,"31 degrees, relative humidity 43%, wind 8 mph",False,Philadelphia Eagles,Nick Sirianni,9,8,0,7,10,3,6,0,26,Dallas Cowboys,Mike McCarthy,12,5,0,10,20,0,21,0,51
/boxscores/202201090atl.htm,2021,18,Week 18,202201090atl,False,Sunday,2022-01-09 13:00:00,Mercedes-Benz Stadium,"68,336",2.983,Falcons (deferred),retractable roof (closed),fieldturf,,False,Atlanta Falcons,Arthur Smith,7,10,0,3,3,7,7,0,20,New Orleans Saints,Sean Payton,9,8,0,7,17,0,6,0,30
/boxscores/202201090buf.htm,2021,18,Week 18,202201090buf,False,Sunday,2022-01-09 13:00:00,Highmark Stadium,"64,783",3.183,Jets (deferred),outdoors,a_turf,"36 degrees, relative humidity 67%, wind 19 mph",False,Buffalo Bills,Sean McDermott,11,6,0,10,3,0,14,0,27,New York Jets,Robert Saleh,4,13,0,0,7,3,0,0,10
/boxscores/202201090cle.htm,2021,18,Week 18,202201090cle,False,Sunday,2022-01-09 13:00:00,FirstEnergy Stadium,"67,431",3.0,Browns (deferred),outdoors,grass,"38 degrees, relative humidity 89%, wind 22 mph",False,Cleveland Browns,Kevin Stefanski,8,9,0,7,7,0,7,0,21,Cincinnati Bengals,Zac Taylor,10,7,0,0,7,3,6,0,16
/boxscores/202201090det.htm,2021,18,Week 18,202201090det,False,Sunday,2022-01-09 13:00:00,Ford Field,"56,735",3.033,Lions (deferred),dome,fieldturf,,False,Detroit Lions,Dan Campbell,3,13,1,7,10,7,13,0,37,Green Bay Packers,Matt LaFleur,13,4,0,7,6,3,14,0,30
/boxscores/202201090htx.htm,2021,18,Week 18,202201090htx,False,Sunday,2022-01-09 13:00:00,NRG Stadium,"66,722",3.033,Titans (deferred),retractable roof (closed),astroturf,,False,Houston Texans,David Culley,4,13,0,0,0,10,15,0,25,Tennessee Titans,Mike Vrabel,12,5,0,0,21,0,7,0,28
/boxscores/202201090jax.htm,2021,18,Week 18,202201090jax,False,Sunday,2022-01-09 13:00:00,TIAA Bank Stadium,"60,516",3.083,Colts (deferred),outdoors,grass,"76 degrees, relative humidity 60%, wind 19 mph",False,Jacksonville Jaguars,Darrell Bevell,3,14,0,7,6,10,3,0,26,Indianapolis Colts,Frank Reich,9,8,0,0,3,0,8,0,11
/boxscores/202201090mia.htm,2021,18,Week 18,202201090mia,False,Sunday,2022-01-09 13:00:00,Hard Rock Stadium,"66,514",3.05,Patriots,outdoors,grass,"75 degrees, relative humidity 79%, wind 8 mph",False,Miami Dolphins,Brian Flores,9,8,0,14,3,7,9,0,33,New England Patriots,Bill Belichick,10,7,0,0,7,3,14,0,24
/boxscores/202201090min.htm,2021,18,Week 18,202201090min,False,Sunday,2022-01-09 13:00:00,U.S. Bank Stadium,"66,625",2.85,Vikings (deferred),dome,sportturf,,False,Minnesota Vikings,Mike Zimmer,8,9,0,0,3,7,21,0,31,Chicago Bears,Matt Nagy,6,11,0,3,11,3,0,0,17
/boxscores/202201090nyg.htm,2021,18,Week 18,202201090nyg,False,Sunday,2022-01-09 13:00:00,MetLife Stadium,"69,923",2.833,Giants (deferred),outdoors,fieldturf,"38 degrees, relative humidity 64%, no wind",False,New York Giants,Joe Judge,4,13,0,0,0,0,7,0,7,Washington Football Team,Ron Rivera,7,10,0,3,3,6,10,0,22
/boxscores/202201090rav.htm,2021,18,Week 18,202201090rav,False,Sunday,2022-01-09 13:00:00,M&T Bank Stadium,"70,453",3.5,Ravens (deferred),outdoors,grass,"36 degrees, relative humidity 100%, no wind",True,Baltimore Ravens,John Harbaugh,8,9,0,0,3,7,3,0,13,Pittsburgh Steelers,Mike Tomlin,9,7,1,3,0,3,7,3,16
/boxscores/202201090tam.htm,2021,18,Week 18,202201090tam,False,Sunday,2022-01-09 13:00:00,Raymond James Stadium,"65,473",2.983,Buccaneers (deferred),outdoors,grass,"80 degrees, relative humidity 99%, wind 4 mph",False,Tampa Bay Buccaneers,Bruce Arians,13,4,0,0,10,7,24,0,41,Carolina Panthers,Matt Rhule,5,12,0,7,0,3,7,0,17
/boxscores/202201090crd.htm,2021,18,Week 18,202201090crd,False,Sunday,2022-01-09 16:25:00,State Farm Stadium,"63,858",3.15,Cardinals (deferred),retractable roof (open),grass,,False,Arizona Cardinals,Kliff Kingsbury,11,6,0,7,3,14,6,0,30,Seattle Seahawks,Pete Carroll,7,10,0,7,10,7,14,0,38
/boxscores/202201090ram.htm,2021,18,Week 18,202201090ram,False,Sunday,2022-01-09 16:25:00,SoFi Stadium,"74,447",3.2,49ers (deferred),dome,matrixturf,,True,Los Angeles Rams,Sean McVay,12,5,0,3,14,0,7,0,24,San Francisco 49ers,Kyle Shanahan,10,7,0,0,3,14,7,3,27
/boxscores/202201090rai.htm,2021,18,Week 18,202201090rai,False,Sunday,2022-01-09 20:25:00,Allegiant Stadium,"62,068",3.867,Chargers (deferred),dome,grass,,True,Las Vegas Raiders,Rich Bisaccia,10,7,0,10,7,3,9,6,35,Los Angeles Chargers,Brandon Staley,9,8,0,0,14,0,15,3,32
/boxscores/202201150cin.htm,2021,19,Wild Card,202201150cin,True,Saturday,2022-01-15 16:30:00,Paul Brown Stadium,"66,277",3.283,Bengals (deferred),outdoors,fieldturf,"31 degrees, relative humidity 63%, wind 12 mph",False,Cincinnati Bengals,Zac Taylor,11,7,0,10,10,3,3,0,26,Las Vegas Raiders,Rich Bisaccia,10,8,0,3,10,0,6,0,19
/boxscores/202201150buf.htm,2021,19,Wild Card,202201150buf,True,Saturday,2022-01-15 20:15:00,Highmark Stadium,"69,188",2.933,Patriots (deferred),outdoors,a_turf,"7 degrees, relative humidity 66%, wind 8 mph",False,Buffalo Bills,Sean McDermott,12,6,0,14,13,6,14,0,47,New England Patriots,Bill Belichick,10,8,0,0,3,7,7,0,17
/boxscores/202201160tam.htm,2021,19,Wild Card,202201160tam,True,Sunday,2022-01-16 13:00:00,Raymond James Stadium,"65,077",3.117,Eagles (deferred),outdoors,grass,"66 degrees, relative humidity 52%, wind 21 mph",False,Tampa Bay Buccaneers,Bruce Arians,14,4,0,14,3,14,0,0,31,Philadelphia Eagles,Nick Sirianni,9,9,0,0,0,0,15,0,15
/boxscores/202201160dal.htm,2021,19,Wild Card,202201160dal,True,Sunday,2022-01-16 16:40:00,AT&T Stadium,"93,470",3.267,Cowboys (deferred),retractable roof (closed),matrixturf,,False,Dallas Cowboys,Mike McCarthy,12,6,0,0,7,0,10,0,17,San Francisco 49ers,Kyle Shanahan,11,7,0,10,6,7,0,0,23
/boxscores/202201160kan.htm,2021,19,Wild Card,202201160kan,True,Sunday,2022-01-16 20:15:00,GEHA Field at Arrowhead Stadium,"73,253",3.017,Steelers,outdoors,grass,"30 degrees, relative humidity 78%, wind 8 mph",False,Kansas City Chiefs,Andy Reid,13,5,0,0,21,14,7,0,42,Pittsburgh Steelers,Mike Tomlin,9,8,1,0,7,7,7,0,21
/boxscores/202201170ram.htm,2021,19,Wild Card,202201170ram,True,Monday,2022-01-17 20:15:00,SoFi Stadium,"70,625",3.1,Rams (deferred),dome,matrixturf,,False,Los Angeles Rams,Sean McVay,13,5,0,7,14,7,6,0,34,Arizona Cardinals,Kliff Kingsbury,11,7,0,0,0,8,3,0,11
/boxscores/202201220oti.htm,2021,20,Divisional,202201220oti,True,Saturday,2022-01-22 16:30:00,Nissan Stadium,"69,242",2.983,Bengals (deferred),outdoors,grass,"35 degrees, relative humidity 43%, no wind",False,Tennessee Titans,Mike Vrabel,12,6,0,0,6,10,0,0,16,Cincinnati Bengals,Zac Taylor,12,7,0,6,3,7,3,0,19
/boxscores/202201220gnb.htm,2021,20,Divisional,202201220gnb,True,Saturday,2022-01-22 20:15:00,Lambeau Field,"79,132",2.883,49ers (deferred),outdoors,grass,"15 degrees, relative humidity 53%, wind 12 mph",False,Green Bay Packers,Matt LaFleur,13,5,0,7,0,0,3,0,10,San Francisco 49ers,Kyle Shanahan,12,7,0,0,0,3,10,0,13
/boxscores/202201230tam.htm,2021,20,Divisional,202201230tam,True,Sunday,2022-01-23 15:00:00,Raymond James Stadium,"65,597",3.35,Rams (deferred),outdoors,grass,"50 degrees, relative humidity 69%, wind 11 mph",False,Tampa Bay Buccaneers,Bruce Arians,14,5,0,3,0,10,14,0,27,Los Angeles Rams,Sean McVay,14,5,0,10,10,7,3,0,30
/boxscores/202201230kan.htm,2021,20,Divisional,202201230kan,True,Sunday,2022-01-23 18:30:00,GEHA Field at Arrowhead Stadium,"73,242",3.25,Chiefs (deferred),outdoors,grass,"35 degrees, relative humidity 54%, wind 6 mph",True,Kansas City Chiefs,Andy Reid,14,5,0,7,7,9,13,6,42,Buffalo Bills,Sean McDermott,12,7,0,7,7,7,15,0,36
/boxscores/202201300kan.htm,2021,21,Conf Champ,202201300kan,True,Sunday,2022-01-30 15:00:00,GEHA Field at Arrowhead Stadium,"73,377",3.233,Chiefs (deferred),outdoors,grass,"41 degrees, relative humidity 41%, wind 4 mph",True,Kansas City Chiefs,Andy Reid,14,6,0,7,14,0,3,0,24,Cincinnati Bengals,Zac Taylor,13,7,0,3,7,11,3,3,27
/boxscores/202201300ram.htm,2021,21,Conf Champ,202201300ram,True,Sunday,2022-01-30 18:30:00,SoFi Stadium,"73,202",2.95,49ers (deferred),dome,matrixturf,,False,Los Angeles Rams,Sean McVay,15,5,0,0,7,0,13,0,20,San Francisco 49ers,Kyle Shanahan,12,8,0,0,10,7,0,0,17
/boxscores/202202130cin.htm,2021,22,Super Bowl,202202130cin,True,Sunday,2022-02-13 18:30:00,SoFi Stadium,"70,048",3.433,Bengals (deferred),dome,matrixturf,,False,Cincinnati Bengals,Zac Taylor,13,8,0,3,7,10,0,0,20,Los Angeles Rams,Sean McVay,16,5,0,7,6,3,7,0,23
